date,actual_sgd,actual_cny,lstm_sgd,lstm_cny,gru_sgd,gru_cny,transformer_sgd,transformer_cny
2016-03-24,1.3707,6.5124,1.3645803,6.4899907,1.3647424,6.491193,1.3994925,6.544263
2016-03-25,1.3707999999999998,6.5131,1.3643963,6.4893866,1.3678097,6.4994383,1.3987303,6.5448656
2016-03-28,1.3697,6.5051,1.3653586,6.4900746,1.3696996,6.505257,1.3979694,6.5454803
2016-03-29,1.3635,6.5063,1.3668332,6.491262,1.370085,6.506018,1.3970635,6.544977
2016-03-30,1.3515,6.4648,1.3677655,6.492793,1.3677214,6.505883,1.3961978,6.544704
2016-03-31,1.3462,6.448,1.3668709,6.492346,1.3612226,6.4926953,1.3952663,6.543121
2016-04-01,1.3481999999999998,6.4776,1.3641886,6.489573,1.3548077,6.4756584,1.394272,6.540589
2016-04-04,1.3515,6.4776,1.3607821,6.4867063,1.3522618,6.473274,1.3932505,6.538556
2016-04-05,1.3568,6.476,1.3576671,6.483928,1.3527389,6.4750905,1.392319,6.536979
2016-04-06,1.3464,6.478,1.3557347,6.48131,1.3552241,6.4762387,1.3914593,6.53533
2016-04-07,1.3517,6.4599,1.3538123,6.4790726,1.3525021,6.4771967,1.3904467,6.5337152
2016-04-08,1.3475,6.4628,1.3526412,6.4763227,1.3518598,6.4719405,1.3895068,6.531449
2016-04-11,1.3445,6.458,1.3516936,6.473489,1.3507148,6.467963,1.388476,6.529322
2016-04-12,1.3448000000000002,6.4639,1.35066,6.4704933,1.3485415,6.464229,1.3873904,6.527113
2016-04-13,1.3519000000000003,6.4768,1.3496805,6.4678364,1.347234,6.463674,1.3863357,6.525107
2016-04-14,1.3629,6.481,1.3495734,6.4662294,1.3495754,6.4680996,1.3853909,6.5233264
2016-04-15,1.3562,6.473,1.351242,6.465703,1.3559247,6.4733486,1.3846484,6.521596
2016-04-18,1.3525,6.4717,1.3532515,6.4655952,1.3572844,6.4742756,1.3838388,6.519737
2016-04-19,1.3366,6.4571,1.3547978,6.465726,1.355284,6.4734626,1.382964,6.517852
2016-04-20,1.3426,6.4675,1.3541129,6.4652596,1.3476591,6.467997,1.3818111,6.515672
2016-04-21,1.3488,6.481,1.3525112,6.464889,1.3449655,6.466758,1.3807551,6.5137444
2016-04-22,1.3532000000000002,6.5004,1.3511486,6.465287,1.3473638,6.471351,1.3798181,6.512101
2016-04-25,1.3517,6.49,1.350635,6.4672275,1.3509166,6.481771,1.3789771,6.5107822
2016-04-26,1.3515999999999997,6.4905,1.3506614,6.469681,1.3520182,6.486468,1.3781109,6.5092354
2016-04-27,1.3505,6.494,1.3510512,6.47241,1.3520422,6.4883013,1.3772213,6.5076666
2016-04-28,1.3469000000000002,6.4735,1.351523,6.475364,1.3516958,6.490167,1.3763428,6.5062127
2016-04-29,1.3454,6.4738,1.3516002,6.4772673,1.35012,6.485079,1.3756354,6.504627
2016-05-02,1.3421,6.4738,1.3512113,6.478297,1.3484185,6.480297,1.3747966,6.5029187
2016-05-03,1.3515999999999997,6.49,1.3501917,6.478618,1.3461934,6.47741,1.3739299,6.5012107
2016-05-04,1.3585,6.4945,1.349843,6.4792333,1.3486277,6.4811087,1.3732873,6.4997835
2016-05-05,1.3588,6.5032,1.3507718,6.4802814,1.3537054,6.486383,1.3727876,6.4984345
2016-05-06,1.359,6.497,1.352538,6.482064,1.3567805,6.492778,1.3723624,6.4972386
2016-05-09,1.3688,6.514,1.3546788,6.483992,1.3580259,6.495236,1.3718524,6.4959335
2016-05-10,1.3693,6.515,1.3578242,6.486804,1.3625938,6.501356,1.371496,6.4949255
2016-05-11,1.3653999999999997,6.491,1.361348,6.4901733,1.3663126,6.506708,1.3710611,6.494919
2016-05-12,1.3725,6.514,1.364272,6.492549,1.3664813,6.5025277,1.3705676,6.4942875
2016-05-13,1.3719999999999999,6.5285,1.3671395,6.495231,1.3688916,6.504926,1.3701898,6.4942474
2016-05-16,1.3686,6.5184,1.3695893,6.498732,1.3709296,6.512863,1.3697929,6.4943933
2016-05-17,1.3678,6.517,1.3711064,6.502147,1.3705087,6.5161295,1.369401,6.4943705
2016-05-18,1.3763,6.537,1.3717213,6.5052524,1.3695486,6.51669,1.3689175,6.494207
2016-05-19,1.3806,6.544,1.3725656,6.5089846,1.372548,6.522864,1.3685769,6.494348
2016-05-20,1.3824,6.5485,1.3739977,6.513347,1.3768142,6.530566,1.3683289,6.49456
2016-05-23,1.3795,6.5533,1.375912,6.518186,1.3798641,6.5373764,1.3680613,6.494728
2016-05-24,1.3816,6.5552,1.3776549,6.5233746,1.3801758,6.5432253,1.367772,6.494742
2016-05-25,1.3793,6.5538,1.3792933,6.528646,1.3808624,6.5476213,1.3675505,6.4948344
2016-05-26,1.3736,6.554,1.3804365,6.5336275,1.3807565,6.549945,1.3673104,6.494903
2016-05-27,1.3748,6.5615,1.3805051,6.538142,1.3782742,6.551245,1.3670939,6.4953065
2016-05-30,1.3748,6.5615,1.3799493,6.5424576,1.3769336,6.554349,1.3670955,6.4962783
2016-05-31,1.3778,6.5798000000000005,1.3790638,6.546405,1.3765942,6.5569425,1.3670402,6.497091
2016-06-01,1.3779999999999997,6.5748,1.3784109,6.5508213,1.3776317,6.564201,1.3669648,6.498423
2016-06-02,1.3747,6.5815,1.3780628,6.5551124,1.3784477,6.568648,1.366955,6.499559
2016-06-03,1.3590999999999998,6.5638,1.3776436,6.5594444,1.3774253,6.5730047,1.3668586,6.500875
2016-06-06,1.3577,6.5611,1.3755833,6.562683,1.3703157,6.570647,1.3666685,6.5021043
2016-06-07,1.3523999999999998,6.571,1.3724387,6.564808,1.3646301,6.5668116,1.3663853,6.5032086
2016-06-08,1.3465000000000003,6.5600000000000005,1.3683771,6.566503,1.3600429,6.567159,1.3659464,6.504268
2016-06-09,1.3523999999999998,6.559000000000001,1.3635633,6.5672417,1.3549852,6.565063,1.3653681,6.504994
2016-06-10,1.3569999999999998,6.559000000000001,1.359431,6.5672026,1.3540945,6.562689,1.3653979,6.506477
2016-06-13,1.3548999999999998,6.5823,1.3567939,6.5666018,1.3561517,6.5610523,1.3653996,6.5080686
2016-06-14,1.355,6.593,1.3553128,6.5668197,1.3565692,6.56725,1.3653442,6.509849
2016-06-15,1.3548,6.5785,1.354785,6.5682015,1.3562145,6.576388,1.3652397,6.5117083
2016-06-16,1.3534,6.589899999999999,1.3549061,6.5696564,1.3559513,6.578584,1.3650591,6.5130315
2016-06-17,1.3504,6.5849,1.3552505,6.571671,1.3553469,6.5819054,1.3647815,6.514401
2016-06-20,1.3431999999999997,6.5768,1.3553246,6.57373,1.3537211,6.583116,1.3644497,6.51567
2016-06-21,1.3418999999999999,6.5893,1.3543844,6.5752907,1.3497194,6.581078,1.3640026,6.516935
2016-06-22,1.3395,6.575,1.3526561,6.577021,1.3465126,6.58288,1.3636262,6.5184007
2016-06-23,1.3391,6.574,1.3503214,6.578053,1.3440403,6.580747,1.3634038,6.520334
2016-06-24,1.3487,6.615,1.3478019,6.5784574,1.3424559,6.578049,1.363269,6.522538
2016-06-27,1.3623999999999998,6.6481,1.3464707,6.580459,1.3454475,6.588637,1.363278,6.52496
2016-06-28,1.3557999999999997,6.645,1.3476052,6.585247,1.3534138,6.608695,1.363461,6.5279737
2016-06-29,1.3472,6.635,1.3496673,6.5917215,1.355824,6.6230946,1.3634441,6.5309544
2016-06-30,1.3489,6.6459,1.3511541,6.598599,1.3522702,6.6284556,1.3634589,6.5337234
2016-07-01,1.3452,6.6547,1.3521508,6.605946,1.3503994,6.6336074,1.363409,6.5369987
2016-07-04,1.3452,6.6547,1.3522679,6.6136756,1.3487939,6.64014,1.3633668,6.5403795
2016-07-05,1.3508,6.677,1.3517345,6.6212697,1.3477422,6.645136,1.3633797,6.543843
2016-07-06,1.3511000000000002,6.6899999999999995,1.351407,6.6294937,1.3494235,6.654869,1.3634888,6.547602
2016-07-07,1.3490000000000002,6.679,1.3513337,6.638421,1.3509414,6.6665235,1.3634746,6.551369
2016-07-08,1.3458,6.6878,1.3512453,6.6468554,1.3506619,6.6717587,1.3632394,6.554859
2016-07-11,1.351,6.6917,1.3508236,6.6549354,1.3488983,6.676567,1.3630556,6.558645
2016-07-12,1.3476,6.686,1.350759,6.6625347,1.3498883,6.6812263,1.3630292,6.5625186
2016-07-13,1.3463,6.6832,1.3506197,6.6691046,1.3497612,6.682945,1.3632394,6.566545
2016-07-14,1.3423000000000003,6.6800999999999995,1.3503003,6.6744423,1.3486747,6.6827955,1.3633085,6.5703416
2016-07-15,1.3479,6.6865,1.349472,6.6784472,1.346357,6.681554,1.3631881,6.5738497
2016-07-18,1.3481,6.7013,1.3489631,6.6816044,1.3471344,6.682431,1.3630941,6.577133
2016-07-19,1.3533,6.6931,1.3487854,6.6847506,1.348352,6.6878524,1.3630298,6.580857
2016-07-20,1.3577,6.676,1.349408,6.6873507,1.3509079,6.6902137,1.3630596,6.584427
2016-07-21,1.356,6.6735,1.3509862,6.688573,1.3543562,6.686139,1.3631835,6.587633
2016-07-22,1.3586000000000003,6.676,1.3528606,6.6885934,1.3557254,6.681251,1.3633436,6.591149
2016-07-25,1.3623,6.6783,1.3549547,6.6878586,1.3571255,6.6786256,1.3635747,6.5947027
2016-07-26,1.3592,6.669,1.3573213,6.686735,1.3596815,6.678031,1.363928,6.5982966
2016-07-27,1.3584,6.668,1.3592601,6.6849318,1.3601781,6.6752853,1.3640571,6.601445
2016-07-28,1.3525,6.6538,1.3605621,6.6826806,1.3596772,6.6725063,1.3640555,6.604497
2016-07-29,1.3431,6.6371,1.3606442,6.679502,1.3570687,6.6664534,1.3639487,6.607147
2016-08-01,1.3397,6.6421,1.3588843,6.6749578,1.3515012,6.6566224,1.363668,6.609609
2016-08-02,1.3384,6.6239,1.355707,6.6698785,1.3465399,6.650484,1.3631668,6.6118636
2016-08-03,1.3424,6.632,1.351836,6.6637497,1.3435019,6.641758,1.3626324,6.6137786
2016-08-04,1.3417,6.6388,1.3484246,6.6575685,1.3435827,6.6373706,1.3622352,6.6162534
2016-08-05,1.3469000000000002,6.653,1.3457403,6.6520166,1.3436568,6.637263,1.3617169,6.6184487
2016-08-08,1.3481,6.659700000000001,1.3444554,6.6479473,1.3454275,6.6421027,1.361303,6.6206403
2016-08-09,1.3436000000000001,6.653,1.3444428,6.6455383,1.3472264,6.648253,1.3609619,6.623126
2016-08-10,1.34,6.6345,1.3448212,6.6441436,1.3462957,6.6505933,1.3605496,6.625518
2016-08-11,1.3429,6.6274,1.3449823,6.642611,1.3438087,6.6458616,1.3599421,6.6272335
2016-08-12,1.3456,6.6324,1.34521,6.6406527,1.3435364,6.639058,1.3593297,6.6287017
2016-08-15,1.3426,6.637,1.3457104,6.638691,1.3450367,6.6356373,1.3587427,6.6301785
2016-08-16,1.3389999999999997,6.624,1.3460089,6.637037,1.3447868,6.6354885,1.3581392,6.6316524
2016-08-17,1.3456,6.6328,1.3457221,6.6350307,1.3426703,6.63214,1.3574361,6.6328635
2016-08-18,1.3397999999999999,6.629700000000001,1.3457261,6.6333003,1.3439363,6.6315756,1.3568912,6.6342545
2016-08-19,1.3469000000000002,6.6515,1.3453481,6.631704,1.3431449,6.630912,1.3563167,6.6355867
2016-08-22,1.3506,6.6475,1.3454725,6.6313925,1.3448278,6.6367908,1.3558594,6.637171
2016-08-23,1.3511000000000002,6.6378,1.3463464,6.6318564,1.3479465,6.6410446,1.3554689,6.6386847
2016-08-24,1.3552,6.6562,1.3477012,6.6323795,1.3499831,6.6405616,1.3550442,6.6397066
2016-08-25,1.3538,6.656,1.3496469,6.6338387,1.3524868,6.6446376,1.354688,6.641139
2016-08-26,1.3548,6.669,1.3516195,6.635899,1.3536055,6.6485567,1.3543552,6.6424513
2016-08-29,1.3602,6.6775,1.3534545,6.638955,1.3543966,6.6549683,1.3542823,6.6443014
2016-08-30,1.3638,6.6778,1.3555304,6.643018,1.3571391,6.6624317,1.3543241,6.646349
2016-08-31,1.363,6.6776,1.3579185,6.6476293,1.360601,6.6678777,1.3545152,6.648227
2016-09-01,1.3593,6.6713,1.3601661,6.6523876,1.3622582,6.671168,1.3547999,6.6502943
2016-09-02,1.3594,6.679,1.3616564,6.6566763,1.3613691,6.6712747,1.3549178,6.6522684
2016-09-05,1.3594,6.679,1.3624485,6.6607733,1.3606427,6.673043,1.3549579,6.654377
2016-09-06,1.3476,6.6722,1.3626827,6.6645126,1.360539,6.6748047,1.355034,6.6560764
2016-09-07,1.3465000000000003,6.659999999999999,1.361299,6.667456,1.3558587,6.6740727,1.3549025,6.6574683
2016-09-08,1.3492,6.664,1.3588448,6.669046,1.3517557,6.6694975,1.3547542,6.6589003
2016-09-09,1.3592,6.6778,1.3562707,6.669759,1.3509951,6.666734,1.3546797,6.660203
2016-09-12,1.3590999999999998,6.6788,1.3550341,6.6705008,1.3550935,6.669369,1.3548313,6.6618347
2016-09-13,1.366,6.6782,1.3549445,6.6713076,1.3579453,6.672624,1.3551143,6.6636257
2016-09-14,1.3629,6.6707,1.3563976,6.672119,1.3616275,6.674658,1.3555334,6.665187
2016-09-15,1.3627,6.6707,1.3584265,6.6725316,1.3628348,6.67357,1.3559499,6.666867
2016-09-16,1.3681,6.6707,1.3605363,6.6726317,1.3629719,6.672173,1.3563709,6.6685643
2016-09-19,1.3605,6.665,1.3629692,6.6724977,1.3653132,6.671254,1.356695,6.6695423
2016-09-20,1.3621,6.670000000000001,1.3645161,6.6719136,1.3641955,6.6691027,1.3566641,6.6698384
2016-09-21,1.3577,6.669500000000001,1.3653815,6.671281,1.3633336,6.6687818,1.3567687,6.6702766
2016-09-22,1.3557999999999997,6.663,1.3652096,6.670625,1.3614794,6.668837,1.3569529,6.670882
2016-09-23,1.3592,6.669,1.3641418,6.669661,1.3594289,6.667006,1.3570743,6.6711817
2016-09-26,1.3593,6.6683,1.3629625,6.668822,1.3596399,6.667034,1.3573205,6.6714325
2016-09-27,1.3609,6.6691,1.3619102,6.668083,1.3602178,6.6672974,1.3575685,6.671671
2016-09-28,1.3617,6.673,1.3612766,6.6675,1.3610108,6.6677103,1.3577406,6.6715326
2016-09-29,1.3621,6.665,1.3611218,6.6672583,1.3617842,6.669139,1.3579204,6.671235
2016-09-30,1.3628000000000002,6.6685,1.3613701,6.6668754,1.362376,6.668013,1.358144,6.67099
2016-10-03,1.3658000000000001,6.6685,1.3619379,6.666577,1.362982,6.667663,1.3584377,6.6706524
2016-10-04,1.3701,6.6685,1.3629633,6.6663494,1.3645694,6.667661,1.3586842,6.6702466
2016-10-05,1.3701,6.6685,1.3646291,6.666182,1.3674067,6.6677313,1.3590579,6.6699405
2016-10-06,1.3726,6.6685,1.366535,6.6660647,1.3692113,6.66778,1.3594553,6.669683
2016-10-07,1.3755,6.6685,1.3686194,6.665986,1.3709687,6.667802,1.359965,6.6694803
2016-10-10,1.3755,6.6685,1.3708719,6.665938,1.3732831,6.66781,1.3604124,6.669165
2016-10-11,1.3784,6.719,1.3729666,6.665912,1.3747841,6.667813,1.3608558,6.6685915
2016-10-12,1.3853,6.718,1.3749995,6.668462,1.3766425,6.68245,1.3612479,6.669043
2016-10-13,1.3837999999999997,6.7248,1.377485,6.672765,1.380654,6.6954393,1.3616592,6.6697755
2016-10-14,1.3900999999999997,6.7277,1.3798587,6.678501,1.3828089,6.7056575,1.362079,6.67067
2016-10-17,1.3891,6.735,1.3825396,6.6851363,1.3860419,6.7130322,1.3625361,6.6715713
2016-10-18,1.3848,6.740100000000001,1.3850355,6.6924405,1.3879861,6.7198396,1.3629214,6.6725583
2016-10-19,1.3865,6.737,1.3866572,6.700098,1.3871328,6.7261543,1.3633006,6.673796
2016-10-20,1.3912,6.7439,1.3876606,6.707445,1.3869574,6.7297616,1.3637154,6.674998
2016-10-21,1.3954,6.7654,1.3886465,6.7145176,1.3891544,6.7337832,1.3642876,6.676567
2016-10-24,1.3939,6.7728,1.39,6.7221065,1.3924831,6.742908,1.3650739,6.6787987
2016-10-25,1.3906,6.778,1.3913367,6.7300777,1.3938227,6.7525654,1.36591,6.681069
2016-10-26,1.3898,6.770599999999999,1.3921727,6.738204,1.3928504,6.7608476,1.3667368,6.6837463
2016-10-27,1.3953,6.7819,1.3924853,6.745665,1.391776,6.764393,1.3674765,6.686155
2016-10-28,1.3938000000000001,6.776,1.3929987,6.752826,1.3935547,6.7691464,1.3682867,6.688636
2016-10-31,1.3917000000000002,6.7735,1.3934745,6.7591095,1.3945558,6.771404,1.368985,6.6907663
2016-11-01,1.3887,6.763,1.3936625,6.7643065,1.3938712,6.771869,1.369639,6.6927376
2016-11-02,1.3826,6.760599999999999,1.39332,6.7679152,1.3920591,6.769063,1.3703396,6.694645
2016-11-03,1.3843,6.761199999999999,1.3920128,6.770055,1.3885608,6.765827,1.3710281,6.696835
2016-11-04,1.3832,6.7534,1.3903732,6.7710466,1.3869588,6.7637544,1.3716834,6.6991587
2016-11-07,1.3902,6.774,1.388615,6.770774,1.3860766,6.760418,1.3722732,6.7012606
2016-11-08,1.389,6.784,1.3877466,6.770642,1.3882127,6.7634463,1.3730088,6.703634
2016-11-09,1.3953,6.7769,1.3875126,6.771167,1.3894497,6.769724,1.3737975,6.7064037
2016-11-10,1.4088999999999998,6.7987,1.388408,6.7718334,1.3921728,6.7727056,1.3745286,6.7088985
2016-11-11,1.4088999999999998,6.7987,1.3914227,6.7736826,1.3995177,6.7799606,1.375491,6.711816
2016-11-14,1.4175,6.8447,1.395555,6.776328,1.4045907,6.7861204,1.3763199,6.7143517
2016-11-15,1.4154,6.8556,1.4008257,6.7817483,1.4101167,6.8026977,1.377154,6.7177243
2016-11-16,1.4148,6.877,1.4059883,6.7895155,1.4129885,6.8196545,1.3779615,6.72144
2016-11-17,1.4176999999999997,6.8674,1.4103273,6.799705,1.4140218,6.8372874,1.3786936,6.725163
2016-11-18,1.4255,6.8873,1.4138464,6.8106656,1.4157907,6.847547,1.3794723,6.728738
2016-11-21,1.426,6.8918,1.4172143,6.8225937,1.4202628,6.8587365,1.3802923,6.73239
2016-11-22,1.4246,6.888,1.4201759,6.8348193,1.423575,6.8685737,1.3810263,6.73596
2016-11-23,1.4325,6.9195,1.4223928,6.8464212,1.4245392,6.8746033,1.3816919,6.739463
2016-11-24,1.4325,6.9195,1.4247135,6.8585277,1.4279135,6.8865385,1.3824184,6.7434425
2016-11-25,1.4287,6.9176,1.4269013,6.8704014,1.4306816,6.896686,1.383203,6.7475276
2016-11-28,1.426,6.9055,1.4283793,6.8814125,1.4305379,6.903166,1.3839642,6.7514453
2016-11-29,1.4263,6.8933,1.4289345,6.8906255,1.4289716,6.9041643,1.3847067,6.7551775
2016-11-30,1.4335999999999998,6.8837,1.4288555,6.8974304,1.4282265,6.9008636,1.3856498,6.758838
2016-12-01,1.427,6.883,1.4291785,6.9016356,1.4309056,6.895394,1.3866566,6.7625604
2016-12-02,1.4207,6.883,1.4291092,6.90369,1.4304948,6.8910236,1.3875742,6.7661986
2016-12-05,1.4232,6.8775,1.4281273,6.9040895,1.4268595,6.888209,1.3882803,6.769595
2016-12-06,1.4195,6.879,1.4269094,6.903022,1.4253842,6.885036,1.3890063,6.772888
2016-12-07,1.4182,6.878,1.4253184,6.9010444,1.4238104,6.8829446,1.3895972,6.776211
2016-12-08,1.4239999999999997,6.8771,1.4235401,6.8984914,1.4220731,6.8813515,1.390225,6.7796445
2016-12-09,1.4312,6.9042,1.4224807,6.8956323,1.4232165,6.8799906,1.3909009,6.7830606
2016-12-12,1.4258,6.9045,1.4228435,6.894068,1.4272084,6.8860106,1.3915433,6.786883
2016-12-13,1.4236,6.8984,1.4235911,6.893599,1.4277184,6.891971,1.3922653,6.7908034
2016-12-14,1.4227,6.9025,1.4242395,6.8936777,1.4262376,6.894469,1.3929476,6.794543
2016-12-15,1.4478000000000002,6.941000000000001,1.4246032,6.894347,1.4250476,6.8965726,1.3936923,6.7983484
2016-12-16,1.445,6.958,1.4273754,6.8973165,1.434319,6.908023,1.3946129,6.8028316
2016-12-19,1.4458,6.9506,1.4312354,6.902703,1.440688,6.9226837,1.3954637,6.8074546
2016-12-20,1.4443,6.947,1.4354287,6.9092393,1.4431751,6.931935,1.3963188,6.8119764
2016-12-21,1.4434,6.939,1.4391391,6.9160805,1.4437932,6.93658,1.397359,6.816427
2016-12-22,1.4476,6.9473,1.4419299,6.9223504,1.4440016,6.9372783,1.398606,6.8206906
2016-12-23,1.4469000000000003,6.9432,1.4441842,6.9282436,1.4459224,6.9393687,1.3998808,6.8252053
2016-12-26,1.4469000000000003,6.9432,1.4457464,6.933335,1.4471897,6.9404483,1.4011316,6.8295965
2016-12-27,1.4490000000000003,6.9491,1.4466752,6.937563,1.4476489,6.9410906,1.4023162,6.8331
2016-12-28,1.4522,6.9559,1.4473233,6.941233,1.4486647,6.943024,1.4034286,6.836518
2016-12-29,1.4482000000000002,6.9535,1.4480975,6.9446607,1.4507072,6.9464726,1.4045671,6.8400044
2016-12-30,1.4465,6.943,1.4484928,6.9476457,1.4505571,6.948716,1.4056202,6.84346
2017-01-02,1.4465,6.943,1.4484249,6.94965,1.4493109,6.947461,1.406601,6.8467965
2017-01-03,1.4498,6.9575,1.4480731,6.950833,1.4486109,6.9458604,1.4075826,6.850128
2017-01-04,1.4409,6.9322,1.4479514,6.95208,1.4496667,6.9483876,1.4085377,6.852459
2017-01-05,1.4292,6.887,1.447088,6.95209,1.4471592,6.9448533,1.4092869,6.8541503
2017-01-06,1.4372,6.9176,1.4445649,6.9489436,1.4402933,6.9294386,1.4099429,6.8554487
2017-01-09,1.4345,6.935,1.4420391,6.945086,1.4387695,6.9234633,1.4105743,6.8569484
2017-01-10,1.4347999999999999,6.918,1.4395777,6.9417872,1.4382395,6.9258957,1.411369,6.858512
2017-01-11,1.4364,6.9365,1.4375117,6.9382863,1.4375558,6.924863,1.4122888,6.859906
2017-01-12,1.4221,6.889,1.4361522,6.935743,1.437571,6.9276214,1.4131925,6.86146
2017-01-13,1.4313,6.8985,1.4339228,6.931711,1.432217,6.9183984,1.4137622,6.8626056
2017-01-16,1.4313,6.8985,1.432281,6.9272046,1.4314452,6.9113464,1.4143828,6.8636403
2017-01-17,1.4171,6.852,1.4312496,6.9225593,1.4324002,6.9069967,1.4150373,6.8646126
2017-01-18,1.4235000000000002,6.836,1.429235,6.9157414,1.4272832,6.8924,1.4155418,6.8651934
2017-01-19,1.4289000000000003,6.868,1.4273955,6.9068155,1.425325,6.875145,1.416167,6.8657146
2017-01-20,1.4289000000000003,6.868,1.4264686,6.8983235,1.4274638,6.870561,1.4167529,6.866382
2017-01-23,1.4186,6.8514,1.4262862,6.8906174,1.4291276,6.8699636,1.4173731,6.867098
2017-01-24,1.4178,6.8555,1.4255189,6.883089,1.4255944,6.865499,1.4178779,6.8677096
2017-01-25,1.4167999999999998,6.881199999999999,1.4242898,6.8762684,1.4222548,6.8621397,1.4184395,6.868439
2017-01-26,1.425,6.8768,1.4227525,6.871587,1.4204752,6.8666534,1.4191318,6.86938
2017-01-27,1.4281,6.8768,1.4220432,6.868525,1.4228265,6.8703575,1.4199132,6.8702817
2017-01-30,1.422,6.8768,1.4223416,6.8668056,1.4259851,6.8725657,1.4207711,6.8712482
2017-01-31,1.4095,6.8768,1.4226488,6.8661356,1.4252024,6.873799,1.4213666,6.8720436
2017-02-01,1.4151000000000002,6.8768,1.421552,6.866241,1.4190965,6.8745456,1.4217831,6.872755
2017-02-02,1.4086,6.8768,1.4201487,6.8668776,1.4170707,6.87505,1.422151,6.873524
2017-02-03,1.407,6.865,1.4180224,6.8678412,1.4146582,6.875411,1.4221456,6.8741136
2017-02-06,1.4113,6.860000000000001,1.4154736,6.8683844,1.412023,6.872596,1.4221123,6.8746142
2017-02-07,1.4163,6.8821,1.4134033,6.8683076,1.4120612,6.8685846,1.4220084,6.874729
2017-02-08,1.4149,6.87,1.4124715,6.868858,1.414506,6.8713,1.4220234,6.8749266
2017-02-09,1.4195,6.866,1.4123107,6.8692594,1.415554,6.871593,1.422025,6.874875
2017-02-10,1.4194,6.8775,1.4131703,6.8693357,1.4174507,6.870021,1.4220542,6.874864
2017-02-13,1.4235000000000002,6.8776,1.4146022,6.8697386,1.4188778,6.871504,1.4219583,6.8747916
2017-02-14,1.4204,6.8649,1.4166516,6.8703847,1.4211775,6.873322,1.4219198,6.8746867
2017-02-15,1.4202000000000001,6.8685,1.4185191,6.870558,1.4215947,6.871318,1.4218538,6.8745155
2017-02-16,1.4186,6.8517,1.4199675,6.870545,1.4213539,6.869959,1.4216592,6.8741403
2017-02-17,1.4197,6.864,1.420755,6.8695617,1.4206972,6.8648386,1.4214388,6.873639
2017-02-20,1.4197,6.864,1.421097,6.8685126,1.4207366,6.863551,1.4212964,6.873244
2017-02-21,1.4204,6.880999999999999,1.421104,6.867484,1.4209312,6.863539,1.4211975,6.8729367
2017-02-22,1.4157,6.8765,1.4209746,6.867386,1.4212639,6.868123,1.4211054,6.872846
2017-02-23,1.4058,6.8622,1.420294,6.867786,1.4196455,6.8711443,1.42082,6.8727927
2017-02-24,1.4038999999999997,6.8645,1.4182738,6.8678284,1.4144549,6.869097,1.420469,6.872638
2017-02-27,1.4004,6.8675,1.4153652,6.867702,1.4101431,6.867159,1.420183,6.8725004
2017-02-28,1.399,6.8665,1.4118483,6.8675976,1.4067149,6.8667536,1.4197931,6.8724265
2017-03-01,1.4088000000000003,6.8794,1.4082139,6.867463,1.4041255,6.8665705,1.4194351,6.872333
2017-03-02,1.4113999999999998,6.8868,1.4059999,6.8679585,1.406397,6.8698044,1.4192765,6.8723435
2017-03-03,1.4155,6.8954,1.4053626,6.8692765,1.4095154,6.874769,1.4190705,6.872415
2017-03-06,1.4119,6.8955,1.4063303,6.8715777,1.4125849,6.880849,1.4188193,6.8723507
2017-03-07,1.4106,6.900000000000001,1.4078814,6.874504,1.412932,6.8854527,1.4185942,6.872285
2017-03-08,1.4175,6.911299999999999,1.4094365,6.877964,1.4121827,6.8896327,1.4183806,6.872297
2017-03-09,1.4192,6.9086,1.4114718,6.882199,1.4145576,6.8955827,1.4182973,6.8723607
2017-03-10,1.4136,6.905,1.4137468,6.8866553,1.4173522,6.899675,1.417865,6.872126
2017-03-13,1.4130000000000003,6.905,1.4152863,6.89086,1.4165968,6.901351,1.4173778,6.871744
2017-03-14,1.414,6.913,1.4160262,6.8946505,1.4152288,6.902177,1.4168696,6.8714147
2017-03-15,1.4121,6.9132,1.4162225,6.898332,1.4150943,6.904803,1.4163988,6.8711686
2017-03-16,1.4012,6.913,1.4158357,6.901765,1.4145738,6.907246,1.4159081,6.8709826
2017-03-17,1.402,6.900000000000001,1.4139585,6.9048376,1.4098009,6.908927,1.4151671,6.8707347
2017-03-20,1.3957,6.905,1.4113623,6.90685,1.4064907,6.9066973,1.4144499,6.8704214
2017-03-21,1.3982,6.883,1.4079595,6.908221,1.4027544,6.9055758,1.4136063,6.8701444
2017-03-22,1.3983,6.8785,1.4046991,6.907964,1.4012175,6.8995075,1.4127904,6.869663
2017-03-23,1.3989,6.8843,1.4019876,6.906288,1.400731,6.892857,1.4119349,6.8691
2017-03-24,1.3991,6.880300000000001,1.4000716,6.9039397,1.4005845,6.889522,1.4112798,6.8685966
2017-03-27,1.3926,6.8687,1.3989629,6.901041,1.4004952,6.886781,1.4107155,6.868139
2017-03-28,1.3932,6.8779,1.3978398,6.8973274,1.3978579,6.881746,1.4100455,6.8675942
2017-03-29,1.3954999999999997,6.8879,1.3968492,6.893664,1.396044,6.8798738,1.4093581,6.867015
2017-03-30,1.3941999999999999,6.887,1.3962766,6.8907423,1.3962847,6.88179,1.4087886,6.8666906
2017-03-31,1.3967000000000003,6.8832,1.3958997,6.8885,1.3961891,6.8836136,1.4083154,6.8666906
2017-04-03,1.3975,6.8832,1.3959324,6.886692,1.3968111,6.88375,1.407797,6.866438
2017-04-04,1.3985,6.8832,1.3963071,6.885287,1.3976529,6.8834443,1.40732,6.8660583
2017-04-05,1.4009000000000003,6.892,1.3969536,6.8842382,1.3985143,6.883178,1.4068546,6.865803
2017-04-06,1.4023,6.8955,1.3979408,6.8839264,1.3999575,6.885303,1.4064075,6.8654776
2017-04-07,1.4021,6.8978,1.3991773,6.884345,1.401483,6.888262,1.4061425,6.8655252
2017-04-10,1.4045,6.8988,1.4004005,6.885388,1.4022822,6.891107,1.405768,6.8655205
2017-04-11,1.4029,6.8893,1.4017044,6.886878,1.4035754,6.893377,1.405428,6.865523
2017-04-12,1.3999,6.889,1.4027351,6.8881354,1.4039084,6.892477,1.4052348,6.865801
2017-04-13,1.3975,6.8865,1.4031264,6.8891163,1.4027207,6.8911195,1.4049176,6.866197
2017-04-14,1.3969,6.8835,1.4027692,6.889701,1.4009073,6.8895245,1.4045019,6.866335
2017-04-17,1.3954,6.88,1.401882,6.8898044,1.3996416,6.88759,1.4040766,6.8664503
2017-04-18,1.3967000000000003,6.8778,1.4006004,6.889369,1.3984549,6.885218,1.4037504,6.866664
2017-04-19,1.3987,6.886,1.3993638,6.888447,1.3981907,6.8828297,1.4034559,6.8668303
2017-04-20,1.3965,6.88,1.3985511,6.8876247,1.398956,6.8832116,1.4032041,6.866866
2017-04-21,1.3968,6.8845,1.3979237,6.886639,1.3986232,6.882503,1.4028169,6.8668904
2017-04-24,1.3933,6.884,1.3975322,6.8858147,1.3982253,6.8828087,1.4023982,6.8669477
2017-04-25,1.3927,6.8824,1.3969778,6.885137,1.3967217,6.8831124,1.4019936,6.867001
2017-04-26,1.3977,6.8918,1.3962944,6.8845296,1.395396,6.88288,1.4017419,6.8670425
2017-04-27,1.3975,6.8958,1.3961217,6.8844743,1.3967149,6.8850193,1.4014974,6.8671536
2017-04-28,1.397,6.89,1.3963126,6.8850374,1.3978732,6.888125,1.401337,6.867295
2017-05-01,1.3958,6.89,1.3966683,6.885747,1.3980436,6.8890185,1.4011916,6.8674803
2017-05-02,1.3950999999999998,6.8949,1.3969508,6.886519,1.3975122,6.8891635,1.4009682,6.8677044
2017-05-03,1.3950999999999998,6.8968,1.3970547,6.887531,1.3969115,6.8904576,1.4006673,6.867799
2017-05-04,1.4008,6.8959,1.3970084,6.888762,1.3966242,6.892194,1.4003845,6.8679976
2017-05-05,1.4041,6.9021,1.3974624,6.890045,1.398754,6.893306,1.4001298,6.86822
2017-05-08,1.4049,6.904,1.3985757,6.8916063,1.4017181,6.8955717,1.3999234,6.8684015
2017-05-09,1.4112,6.906,1.4001033,6.893392,1.4036932,6.8979874,1.3996769,6.8685966
2017-05-10,1.4099,6.9011000000000005,1.4023937,6.895355,1.4070848,6.9002786,1.3995565,6.8689013
2017-05-11,1.4084000000000003,6.9033,1.404802,6.897106,1.4090003,6.9006767,1.3994209,6.869143
2017-05-12,1.4044,6.8972,1.4068198,6.8987145,1.4091758,6.9011602,1.3992846,6.8695264
2017-05-15,1.3980000000000001,6.89,1.4078804,6.899832,1.4075956,6.900057,1.3990777,6.869773
2017-05-16,1.3958,6.884,1.4074606,6.900165,1.4040412,6.8970966,1.398776,6.869966
2017-05-17,1.3914,6.8773,1.4058348,6.8995967,1.4008846,6.89306,1.3984317,6.869988
2017-05-18,1.3918,6.888,1.403139,6.898055,1.3975366,6.8882265,1.398103,6.8699946
2017-05-19,1.3866999999999998,6.883,1.4001094,6.8964057,1.3955739,6.8873353,1.3979659,6.8701863
2017-05-22,1.3864,6.8828,1.3967313,6.894533,1.3926233,6.8862314,1.397785,6.870324
2017-05-23,1.3898,6.888,1.3935163,6.8925977,1.390371,6.8851666,1.397632,6.8704376
2017-05-24,1.3895,6.8883,1.3911881,6.890982,1.3905638,6.8856854,1.3975328,6.870598
2017-05-25,1.3844,6.8672,1.3897468,6.889714,1.3909012,6.886445,1.3973428,6.8706636
2017-05-26,1.3816,6.8525,1.3885436,6.8877225,1.3888335,6.8815126,1.3970692,6.8705177
2017-05-29,1.3816,6.8525,1.387306,6.884543,1.3860314,6.872839,1.3967278,6.8701987
2017-05-30,1.384,6.8525,1.386145,6.880616,1.3844854,6.8658943,1.3964154,6.869879
2017-05-31,1.3833,6.8098,1.3853947,6.876327,1.384812,6.8613534,1.396144,6.869525
2017-06-01,1.3858999999999997,6.8029,1.3849235,6.8698683,1.3849117,6.8472214,1.395809,6.8687673
2017-06-02,1.3812999999999998,6.8085,1.3849447,6.8617554,1.3857342,6.832863,1.3954933,6.867975
2017-06-05,1.3818,6.803,1.3847977,6.85309,1.3845526,6.8241186,1.395164,6.867253
2017-06-06,1.3791999999999998,6.7945,1.3845598,6.8441978,1.3836107,6.8174977,1.3948463,6.866487
2017-06-07,1.3816,6.7935,1.3839912,6.835183,1.3822837,6.8105726,1.3944874,6.8655915
2017-06-08,1.3812999999999998,6.799,1.3834924,6.826491,1.3823485,6.8049955,1.3941749,6.864686
2017-06-09,1.3837,6.797,1.3830715,6.818757,1.3825505,6.80263,1.3939527,6.8638268
2017-06-12,1.3842,6.7974,1.3830045,6.8120303,1.3834852,6.800926,1.3937534,6.8630457
2017-06-13,1.3818,6.7981,1.3832477,6.8064055,1.3843489,6.799751,1.3936187,6.86223
2017-06-14,1.3718,6.7888,1.3834174,6.801902,1.3838248,6.799093,1.3934307,6.8615823
2017-06-15,1.3828,6.8061,1.3824427,6.79797,1.3793192,6.796129,1.3931084,6.8608913
2017-06-16,1.383,6.809700000000001,1.3819103,6.79549,1.3804314,6.7981586,1.3929266,6.860299
2017-06-19,1.3858,6.818,1.3818119,6.7943754,1.3826079,6.801691,1.3927455,6.8597655
2017-06-20,1.3902,6.8285,1.3823304,6.7947297,1.3845876,6.8066163,1.3926642,6.8593826
2017-06-21,1.3912,6.8275,1.3836854,6.7966604,1.3873342,6.8131733,1.3926291,6.859011
2017-06-22,1.3908999999999998,6.8275,1.3855646,6.7995944,1.3895341,6.817896,1.3925816,6.8585567
2017-06-23,1.386,6.8345,1.387531,6.8030963,1.390573,6.8208637,1.3925432,6.858109
2017-06-26,1.3875000000000002,6.8382,1.3887771,6.807163,1.389136,6.8245926,1.3924218,6.857743
2017-06-27,1.3866999999999998,6.81,1.3895,6.8116093,1.3885738,6.828545,1.3923115,6.8574047
2017-06-28,1.3818,6.7984,1.3896935,6.814682,1.3883622,6.823934,1.3921822,6.856851
2017-06-29,1.3799,6.784,1.3889924,6.8159704,1.3862716,6.81569,1.3919702,6.8561354
2017-06-30,1.3765,6.7793,1.3875645,6.8151293,1.3838835,6.80539,1.3917212,6.855273
2017-07-03,1.3824999999999998,6.7984,1.385473,6.8125167,1.381252,6.7964516,1.39143,6.8543544
2017-07-04,1.3824999999999998,6.7984,1.3838302,6.8097005,1.3820347,6.7956004,1.3911949,6.853586
2017-07-05,1.3821,6.7995,1.3827511,6.806931,1.3831178,6.796619,1.3909743,6.852888
2017-07-06,1.3826,6.799,1.3821718,6.8044415,1.3832697,6.7976894,1.3907757,6.8522015
2017-07-07,1.3823,6.8039,1.3820608,6.802296,1.3833448,6.798141,1.3906056,6.851528
2017-07-10,1.3850000000000002,6.8026,1.3822447,6.80078,1.3833637,6.7996016,1.3904375,6.8508306
2017-07-11,1.3845,6.801,1.3828737,6.7997546,1.3844515,6.800513,1.3903173,6.849932
2017-07-12,1.3781,6.7865,1.3836675,6.7990646,1.3851031,6.800584,1.3901787,6.849037
2017-07-13,1.3768,6.7825,1.3837787,6.7979226,1.3827697,6.79653,1.3899401,6.847865
2017-07-14,1.3716999999999997,6.7741,1.3832245,6.796279,1.3803761,6.791685,1.3897048,6.846708
2017-07-17,1.3693,6.769,1.381727,6.7939067,1.377244,6.785891,1.3893955,6.8453913
2017-07-18,1.3659,6.7451,1.3794951,6.790846,1.374295,6.7801843,1.3890857,6.844013
2017-07-19,1.3684,6.7511,1.3766772,6.786226,1.3712771,6.769543,1.3887321,6.842344
2017-07-20,1.3662,6.757,1.3740685,6.7809715,1.3704168,6.762486,1.3883661,6.8406444
2017-07-21,1.3628000000000002,6.7663,1.3717208,6.7758155,1.3693942,6.759961,1.3879693,6.8389735
2017-07-24,1.3616000000000001,6.7488,1.3694856,6.7714834,1.3671458,6.7615542,1.3875251,6.8374863
2017-07-25,1.3611,6.749500000000001,1.367458,6.7671304,1.365107,6.7584643,1.3870734,6.8357716
2017-07-26,1.3611999999999997,6.753,1.3657491,6.7630153,1.3638558,6.755214,1.3866203,6.834008
2017-07-27,1.3598,6.740999999999999,1.3644571,6.759455,1.3632629,6.753916,1.3861686,6.832267
2017-07-28,1.3571,6.7362,1.3634386,6.75588,1.3623679,6.7500734,1.3856413,6.8299217
2017-07-31,1.3559,6.724,1.3624146,6.7522182,1.3606173,6.7453666,1.3850411,6.8272786
2017-08-01,1.3579,6.717,1.361343,6.748048,1.3589686,6.7384553,1.3844128,6.8243985
2017-08-02,1.3585,6.720000000000001,1.3605446,6.7433414,1.3588966,6.731114,1.3837628,6.8213677
2017-08-03,1.3588,6.715,1.3600792,6.738612,1.3593563,6.726704,1.383132,6.8184576
2017-08-04,1.3604,6.7272,1.3599133,6.733855,1.3596622,6.7227783,1.3825179,6.815428
2017-08-07,1.3634,6.720699999999999,1.3601215,6.729932,1.3603874,6.723404,1.3819635,6.8126936
2017-08-08,1.3638,6.7049,1.360862,6.726511,1.3621066,6.722881,1.3815134,6.809954
2017-08-09,1.3643,6.672,1.3619123,6.7228413,1.36342,6.717581,1.3810902,6.807034
2017-08-10,1.3634,6.646,1.3630811,6.717501,1.364224,6.7033825,1.380719,6.8036485
2017-08-11,1.3615,6.6612,1.3640766,6.709852,1.3642999,6.6840444,1.3803288,6.799649
2017-08-14,1.3619,6.669500000000001,1.3646128,6.701614,1.3635235,6.673996,1.3799702,6.795983
2017-08-15,1.3671,6.6845,1.3647954,6.6937857,1.3631601,6.671547,1.3796211,6.7924595
2017-08-16,1.3676,6.6899999999999995,1.3652633,6.6874485,1.3651935,6.67545,1.3793101,6.7891116
2017-08-17,1.3647,6.673,1.3659565,6.682854,1.3669796,6.6806874,1.3790101,6.7858505
2017-08-18,1.3634,6.670000000000001,1.366431,6.678947,1.3665771,6.679354,1.3787299,6.782616
2017-08-21,1.3611,6.663,1.3665558,6.675582,1.3654549,6.6759825,1.3784665,6.7795534
2017-08-22,1.3616000000000001,6.659999999999999,1.3661836,6.672407,1.3639902,6.67133,1.3781667,6.7763667
2017-08-23,1.3619,6.6569,1.3655686,6.669354,1.3633503,6.6670394,1.3778429,6.773125
2017-08-24,1.3613,6.659999999999999,1.364909,6.666367,1.3632715,6.6632686,1.3775328,6.770519
2017-08-25,1.3557999999999997,6.6465,1.3642546,6.6637187,1.3629867,6.661629,1.3771791,6.76808
2017-08-28,1.3546,6.6084,1.3631175,6.6607656,1.3605106,6.6569457,1.3767966,6.7653136
2017-08-29,1.352,6.5945,1.3616463,6.655802,1.3581877,6.6417017,1.3763869,6.761976
2017-08-30,1.3562,6.5918,1.3598531,6.648872,1.3560286,6.6246595,1.3759679,6.7585363
2017-08-31,1.3565000000000003,6.5888,1.3584931,6.6406875,1.3564441,6.6119275,1.3755873,6.755066
2017-09-01,1.3565000000000003,6.5552,1.3576522,6.6318517,1.3572316,6.6032195,1.3752156,6.7514496
2017-09-04,1.3565000000000003,6.5552,1.3572735,6.621318,1.3574706,6.587717,1.3748118,6.747281
2017-09-05,1.3523999999999998,6.5345,1.3572476,6.6100783,1.3574588,6.575227,1.3744011,6.743104
2017-09-06,1.3492,6.5221,1.3570184,6.597864,1.3558224,6.5610237,1.3739525,6.738554
2017-09-07,1.3403,6.483,1.3563013,6.584944,1.3533148,6.5469027,1.373588,6.7339444
2017-09-08,1.3391,6.4773,1.3543715,6.570202,1.348275,6.525017,1.3729051,6.7283683
2017-09-11,1.3455,6.5254,1.3516694,6.554575,1.3444529,6.506431,1.3721957,6.72263
2017-09-12,1.3468,6.5334,1.349428,6.5415235,1.3452506,6.5098076,1.3715694,6.717578
2017-09-13,1.3494,6.539999999999999,1.3479538,6.5314927,1.346915,6.519145,1.3709099,6.7124863
2017-09-14,1.3494999999999997,6.552,1.3474752,6.524585,1.3485725,6.5279217,1.3702853,6.7075224
2017-09-15,1.3452999999999997,6.549999999999999,1.3477542,6.5209503,1.3494625,6.536981,1.3696656,6.7027645
2017-09-18,1.3481,6.5725,1.3480577,6.519792,1.3481615,6.5424404,1.3690318,6.697852
2017-09-19,1.347,6.579999999999999,1.3485806,6.5216184,1.3482271,6.552294,1.368429,6.6932683
2017-09-20,1.3437,6.57,1.3490537,6.525882,1.3483092,6.562362,1.3678162,6.6892843
2017-09-21,1.3493,6.5861,1.3490602,6.531156,1.346895,6.566129,1.3672073,6.6853204
2017-09-22,1.3435,6.589899999999999,1.3492974,6.537661,1.3480425,6.5722823,1.3667266,6.681881
2017-09-25,1.3513,6.6189,1.3490734,6.5448756,1.346991,6.5784082,1.3661867,6.6785865
2017-09-26,1.3559,6.6371,1.3493496,6.553688,1.3488561,6.5914145,1.3657055,6.6754746
2017-09-27,1.3588,6.640000000000001,1.3504522,6.564141,1.3525434,6.6072836,1.3653032,6.6726804
2017-09-28,1.3587,6.6591,1.3523175,6.5754085,1.3559028,6.619468,1.3649546,6.6699176
2017-09-29,1.3573,6.6533,1.3544761,6.587667,1.3575894,6.6326623,1.3645973,6.6674976
2017-10-02,1.361,6.6533,1.3564116,6.599718,1.3577737,6.640434,1.3642209,6.6648912
2017-10-03,1.3614,6.6533,1.3583248,6.6109867,1.3593059,6.6447535,1.3638688,6.662307
2017-10-04,1.3618,6.6533,1.36004,6.6210904,1.3607975,6.647291,1.3635297,6.6597486
2017-10-05,1.3635,6.6533,1.3614575,6.6298184,1.361705,6.6489286,1.3632846,6.6574354
2017-10-06,1.3651,6.6533,1.3626883,6.637099,1.3628263,6.650053,1.3630849,6.6551905
2017-10-09,1.3651,6.6533,1.3638328,6.642966,1.364241,6.6508384,1.3629844,6.6530895
2017-10-10,1.3555,6.5712,1.3648068,6.6475234,1.3651208,6.6513863,1.3629198,6.6510744
2017-10-11,1.3553000000000002,6.587,1.3645587,6.646751,1.3616877,6.6275043,1.3627506,6.648028
2017-10-12,1.3531,6.5855,1.3634621,6.642893,1.358868,6.610211,1.3625396,6.6451545
2017-10-13,1.3505,6.5785,1.3617105,6.6369,1.3568943,6.6000347,1.3623246,6.6421514
2017-10-16,1.3515,6.5885,1.3594773,6.6293483,1.354773,6.5923786,1.3621173,6.638863
2017-10-17,1.3566,6.622,1.3573145,6.6216054,1.3537788,6.5903163,1.3619471,6.6360526
2017-10-18,1.3578,6.625,1.3560318,6.6158767,1.355429,6.599944,1.3618728,6.6338196
2017-10-19,1.3562,6.6126,1.3556795,6.6121526,1.3572178,6.609634,1.3618169,6.631578
2017-10-20,1.3613,6.6185,1.355851,6.609511,1.3573622,6.6121116,1.3617568,6.629325
2017-10-23,1.3619,6.638,1.3568726,6.6080937,1.359178,6.6139035,1.3618261,6.627259
2017-10-24,1.3622,6.6335,1.3584101,6.608614,1.3609736,6.621041,1.3619252,6.6257486
2017-10-25,1.3614,6.635,1.3601167,6.610282,1.3619902,6.6258736,1.3619955,6.624281
2017-10-26,1.3635,6.6392,1.3616148,6.6127515,1.3621398,6.6290393,1.362043,6.6227875
2017-10-27,1.3672,6.649800000000001,1.3629766,6.615853,1.36301,6.6321855,1.3621192,6.621455
2017-10-30,1.361,6.649800000000001,1.3644603,6.61976,1.3652396,6.6376004,1.362227,6.6200967
2017-10-31,1.3622,6.6328,1.3652072,6.624033,1.3642566,6.64189,1.3621885,6.6188507
2017-11-01,1.3608,6.6018,1.3654604,6.6274657,1.3634393,6.639577,1.362163,6.6175814
2017-11-02,1.3590999999999998,6.6068,1.3652102,6.6284976,1.3627737,6.627407,1.3621068,6.616343
2017-11-03,1.3636,6.636,1.3644816,6.627923,1.3617227,6.618555,1.3620372,6.615651
2017-11-06,1.3627,6.6311,1.3640025,6.6276646,1.3628104,6.6222563,1.3620709,6.6152062
2017-11-07,1.3646,6.638,1.3637037,6.627441,1.3635074,6.6260133,1.3620837,6.614529
2017-11-08,1.3615,6.6249,1.363783,6.6276426,1.3643771,6.6302123,1.3620447,6.6137094
2017-11-09,1.3592,6.6378,1.3638053,6.62751,1.3637199,6.629189,1.3619487,6.612561
2017-11-10,1.3592,6.6378,1.3635336,6.627803,1.3621273,6.631143,1.3618602,6.61194
2017-11-13,1.3623,6.6385,1.36308,6.628402,1.3611863,6.6333065,1.3617922,6.611372
2017-11-14,1.3597,6.635,1.3628813,6.6292405,1.3620898,6.6350145,1.3618115,6.61094
2017-11-15,1.3576,6.619999999999999,1.3626246,6.630035,1.3618386,6.635053,1.3617806,6.6104984
2017-11-16,1.3557999999999997,6.6273,1.3621296,6.6299887,1.3604358,6.6302977,1.3617102,6.6098466
2017-11-17,1.3539,6.6245,1.361331,6.6296806,1.3587943,6.628204,1.3616189,6.609269
2017-11-20,1.3572,6.6245,1.3602128,6.629047,1.3571454,6.626675,1.3615863,6.608881
2017-11-21,1.3538,6.6265,1.3593504,6.6282115,1.3575152,6.62569,1.3616306,6.6091647
2017-11-22,1.3490000000000002,6.6086,1.3584303,6.6273746,1.3567193,6.6256733,1.3616618,6.6097302
2017-11-23,1.3490000000000002,6.6086,1.3570685,6.6256785,1.3538884,6.6205015,1.3615361,6.610027
2017-11-24,1.345,6.599799999999999,1.3555441,6.623432,1.351962,6.615751,1.3614055,6.6103764
2017-11-27,1.3460999999999999,6.5967,1.3536721,6.6204457,1.3495926,6.6100683,1.3612014,6.6111627
2017-11-28,1.3447,6.6044,1.3518864,6.616912,1.3484563,6.6050158,1.3610178,6.6118937
2017-11-29,1.3466,6.6091,1.3502343,6.613549,1.347467,6.603982,1.3608786,6.613124
2017-11-30,1.3481999999999998,6.609,1.3490648,6.6107383,1.3475274,6.605497,1.3608311,6.614654
2017-12-01,1.345,6.6137,1.3485367,6.60849,1.3483596,6.606883,1.3609794,6.616861
2017-12-04,1.3487,6.6185,1.3481712,6.607018,1.3475767,6.6090693,1.3610926,6.61925
2017-12-05,1.3477,6.617,1.3483118,6.606437,1.3482299,6.612142,1.3611511,6.620887
2017-12-06,1.3493,6.6136,1.3486674,6.6064644,1.3486353,6.613966,1.3611674,6.6223583
2017-12-07,1.3498000000000003,6.6173,1.3492656,6.6067533,1.3493294,6.613908,1.3611658,6.6236534
2017-12-08,1.3529,6.6198999999999995,1.3499924,6.607389,1.3500122,6.614612,1.361171,6.6248035
2017-12-11,1.3505,6.6175,1.3510256,6.608363,1.3516327,6.616124,1.3613079,6.6260347
2017-12-12,1.3534,6.621,1.3518895,6.6094036,1.3517938,6.6166296,1.3613509,6.6268277
2017-12-13,1.3502,6.6171,1.3528138,6.6106067,1.3527025,6.6177874,1.361465,6.6275506
2017-12-14,1.3466,6.6091,1.3533362,6.611662,1.352244,6.617598,1.3615841,6.628381
2017-12-15,1.348,6.6088,1.3531278,6.61214,1.3502159,6.6147823,1.3615351,6.628786
2017-12-18,1.3466,6.6088,1.3525778,6.6121464,1.3494507,6.6122274,1.3616184,6.6291194
2017-12-19,1.3476,6.6088,1.3517329,6.6117997,1.3488315,6.61062,1.3615338,6.628941
2017-12-20,1.3436000000000001,6.5771,1.3509068,6.611217,1.3487599,6.6097274,1.3613878,6.6284423
2017-12-21,1.3436000000000001,6.5833,1.3498003,6.6088905,1.3471738,6.599701,1.361119,6.627333
2017-12-22,1.3441,6.575,1.3486333,6.6057057,1.3459039,6.592613,1.3608519,6.625996
2017-12-25,1.3441,6.575,1.3476286,6.601633,1.345568,6.586129,1.3606175,6.624615
2017-12-26,1.3433,6.5429,1.3468672,6.59713,1.3455017,6.5817447,1.3603219,6.6232343
2017-12-27,1.3393,6.556,1.3462843,6.590931,1.345079,6.569325,1.3600045,6.6212897
2017-12-28,1.3374,6.5322,1.3454685,6.5844665,1.3431137,6.562918,1.3596035,6.6195736
2017-12-29,1.3363,6.5063,1.344366,6.5769444,1.3409487,6.5527134,1.3591373,6.617441
2018-01-01,1.3363,6.5063,1.3430665,6.567728,1.3393561,6.536681,1.3586236,6.6148553
2018-01-02,1.3291,6.491,1.3417784,6.55773,1.3385401,6.5244575,1.3581096,6.612269
2018-01-03,1.3283,6.501,1.339902,6.546901,1.3352114,6.5123196,1.3576026,6.610866
2018-01-04,1.3280999999999998,6.4915,1.3377299,6.536532,1.332386,6.5070777,1.3570817,6.6093583
2018-01-05,1.3268,6.4875,1.33559,6.526571,1.330985,6.501916,1.356594,6.607712
2018-01-08,1.3322999999999998,6.497,1.3335965,6.5172343,1.3298311,6.496846,1.3561236,6.6061196
2018-01-09,1.3355,6.5263,1.3325093,6.509321,1.3312614,6.496296,1.3557533,6.6045146
2018-01-10,1.3341,6.5055,1.3325275,6.5043535,1.3338027,6.506054,1.3553606,6.6028295
2018-01-11,1.3295,6.4956,1.3331552,6.5007615,1.3346354,6.5080943,1.3549187,6.600727
2018-01-12,1.3275,6.4607,1.3336073,6.497844,1.332826,6.504272,1.354407,6.5986714
2018-01-15,1.3275,6.4607,1.333614,6.4937477,1.3306679,6.4895105,1.3537663,6.595909
2018-01-16,1.3226999999999998,6.439499999999999,1.3332708,6.4889336,1.329636,6.4773717,1.3530766,6.592801
2018-01-17,1.3226,6.433,1.3322108,6.4827166,1.3273282,6.4634056,1.3522615,6.58941
2018-01-18,1.3213,6.4175,1.330749,6.4754333,1.3255835,6.451513,1.3514571,6.58588
2018-01-19,1.3204,6.398999999999999,1.3290567,6.466945,1.324248,6.438985,1.3507377,6.582013
2018-01-22,1.3203,6.4035,1.327323,6.4570746,1.3231075,6.4243135,1.3500952,6.577647
2018-01-23,1.3181,6.4,1.3257674,6.446935,1.3223763,6.415452,1.3495208,6.573355
2018-01-24,1.3083,6.365,1.3243012,6.436966,1.3210888,6.4096775,1.3488942,6.5693054
2018-01-25,1.3037,6.318899999999999,1.3220493,6.4258866,1.3161862,6.3947225,1.348106,6.5652432
2018-01-26,1.307,6.3199,1.3190027,6.412233,1.3108499,6.367181,1.3472476,6.560394
2018-01-29,1.312,6.3328,1.3160918,6.397429,1.3093848,6.3466816,1.3464006,6.5550413
2018-01-30,1.3117000000000003,6.3199,1.3141613,6.3832006,1.3113111,6.339575,1.3456571,6.5499697
2018-01-31,1.3103,6.2841,1.3131355,6.369506,1.312477,6.333301,1.3448857,6.5445824
2018-02-01,1.3097,6.2969,1.3126981,6.355124,1.3120486,6.316608,1.3441234,6.538891
2018-02-02,1.3192,6.298400000000001,1.3126189,6.341638,1.3113213,6.3075366,1.3433763,6.5331655
2018-02-05,1.3188,6.285,1.313738,6.3295836,1.31491,6.3040733,1.3427999,6.5274625
2018-02-06,1.3207,6.283,1.3155111,6.3185306,1.3176285,6.2982,1.3421799,6.521546
2018-02-07,1.3234,6.2649,1.3176762,6.3086824,1.3193871,6.292868,1.3416224,6.515664
2018-02-08,1.3310000000000002,6.3222,1.3200946,6.2992883,1.3214161,6.283242,1.3411355,6.5098057
2018-02-09,1.3301999999999998,6.2966,1.3231627,6.2936263,1.3258655,6.2958426,1.3407922,6.5046916
2018-02-12,1.3246,6.325,1.326232,6.2896705,1.3285508,6.300044,1.3404601,6.499274
2018-02-13,1.3222000000000003,6.338,1.3283244,6.2886286,1.3272909,6.3099384,1.3399972,6.49427
2018-02-14,1.3177,6.3438,1.3292062,6.290413,1.3250729,6.322057,1.3395363,6.489416
2018-02-15,1.3112,6.3438,1.328678,6.294448,1.3222156,6.3321676,1.3390594,6.4849687
2018-02-16,1.3105000000000002,6.3438,1.326582,6.2998834,1.3179126,6.3381767,1.3384644,6.480521
2018-02-19,1.3105000000000002,6.3438,1.3236085,6.3060145,1.3149258,6.341252,1.3379096,6.4762297
2018-02-20,1.3183,6.3351,1.3204471,6.3122854,1.3135563,6.3427997,1.3373393,6.4719877
2018-02-21,1.3205999999999998,6.3351,1.3184068,6.317842,1.3160877,6.340711,1.3369297,6.4674735
2018-02-22,1.3189000000000002,6.3471,1.3177081,6.322558,1.3189889,6.3386846,1.3365338,6.4628687
2018-02-23,1.3207,6.3329,1.3178749,6.3270154,1.3196183,6.3416204,1.336087,6.45844
2018-02-26,1.3172999999999997,6.3115,1.3187851,6.330324,1.3202584,6.3398647,1.3357141,6.4537096
2018-02-27,1.3222000000000003,6.3169,1.3197191,6.3315353,1.3194877,6.330289,1.3352323,6.4485745
2018-02-28,1.3231000000000002,6.328000000000001,1.3210108,6.331439,1.3208138,6.3242903,1.3348482,6.443542
2018-03-01,1.3245,6.3565,1.3224725,6.3309793,1.3224754,6.325258,1.334458,6.4387264
2018-03-02,1.3203,6.3428,1.3239974,6.331784,1.3238646,6.3370333,1.3340843,6.434267
2018-03-05,1.3186,6.349099999999999,1.3249294,6.3328137,1.3228714,6.3421082,1.3335992,6.4295583
2018-03-06,1.3156,6.3093,1.3251319,6.334323,1.3212112,6.3456464,1.3331155,6.4249887
2018-03-07,1.3161,6.3225,1.3244866,6.3340664,1.3191592,6.334254,1.3325408,6.419772
2018-03-08,1.3174,6.338900000000001,1.323387,6.333208,1.3181826,6.3281183,1.3320158,6.414813
2018-03-09,1.315,6.328500000000001,1.3222688,6.3327827,1.3183739,6.331402,1.3315619,6.410233
2018-03-12,1.3133,6.327,1.321059,6.332173,1.3175905,6.3320208,1.3310459,6.4054976
2018-03-13,1.3105000000000002,6.318,1.3197687,6.331399,1.3161308,6.330998,1.330517,6.40074
2018-03-14,1.3088,6.314,1.3182964,6.3300858,1.3141049,6.3269057,1.3299222,6.3958445
2018-03-15,1.3118,6.3202,1.3166972,6.328241,1.3122011,6.3222604,1.3293492,6.391457
2018-03-16,1.3172999999999997,6.33,1.3155106,6.3264184,1.3124,6.3213506,1.3288329,6.3870444
2018-03-19,1.3172999999999997,6.3291,1.3153373,6.3252144,1.315118,6.324958,1.32841,6.382924
2018-03-20,1.3181,6.3328,1.3159044,6.324489,1.3169093,6.327849,1.327987,6.378785
2018-03-21,1.3172,6.32,1.3169779,6.3243523,1.3178357,6.3306327,1.3275892,6.3752737
2018-03-22,1.3165,6.331,1.3181504,6.3239923,1.3179393,6.328035,1.3272322,6.3713355
2018-03-23,1.3135000000000001,6.311,1.31914,6.324046,1.3176731,6.3289113,1.3268907,6.3679824
2018-03-26,1.3100999999999998,6.2684999999999995,1.319542,6.3233595,1.316326,6.323616,1.3265105,6.3647957
2018-03-27,1.3079999999999998,6.278100000000001,1.3191085,6.3199744,1.3140073,6.3042073,1.3260661,6.3609853
2018-03-28,1.3094,6.2946,1.3179169,6.3152637,1.3117405,6.2919593,1.3256927,6.3575854
2018-03-29,1.3109,6.2876,1.3164937,6.310658,1.3111074,6.291849,1.325359,6.354247
2018-03-30,1.3105000000000002,6.2726,1.3152668,6.306031,1.3116328,6.29189,1.3250571,6.3509707
2018-04-02,1.3124,6.278499999999999,1.3143126,6.3008943,1.3117958,6.286289,1.3247688,6.347538
2018-04-03,1.3115,6.288100000000001,1.313871,6.295971,1.3124659,6.2833166,1.3244284,6.3440185
2018-04-04,1.3126000000000002,6.3045,1.3137558,6.2919607,1.3126014,6.285429,1.3240219,6.3401136
2018-04-05,1.3168000000000002,6.3045,1.3139826,6.2896857,1.312986,6.2934856,1.3236572,6.336818
2018-04-06,1.3171,6.3045,1.3148446,6.288812,1.315028,6.299747,1.3234416,6.3336964
2018-04-09,1.3112,6.3035,1.3160738,6.289013,1.316607,6.3031287,1.3232635,6.33119
2018-04-10,1.3095,6.2798,1.3167766,6.2899227,1.3148594,6.304329,1.3229765,6.328668
2018-04-11,1.3082,6.2655,1.3168076,6.290058,1.3126038,6.2965784,1.322737,6.3261724
2018-04-12,1.3126000000000002,6.2876,1.3162171,6.2888527,1.3110248,6.284768,1.3224739,6.3235817
2018-04-13,1.312,6.2725,1.3157222,6.287832,1.3121039,6.284259,1.3223171,6.3215857
2018-04-16,1.3116,6.2752,1.3153256,6.286207,1.3128784,6.2814074,1.3221648,6.31967
2018-04-17,1.3108,6.2804,1.3150159,6.284375,1.3128217,6.2796617,1.3220066,6.317725
2018-04-18,1.31,6.2722,1.314728,6.2827573,1.3123264,6.2805614,1.321872,6.315915
2018-04-19,1.3103,6.2765,1.3144066,6.280971,1.3117224,6.2788167,1.321905,6.314534
2018-04-20,1.3155,6.2945,1.3141297,6.2793884,1.3115281,6.2784915,1.3220354,6.3139195
2018-04-23,1.3245,6.3158,1.3144563,6.278969,1.313632,6.2848825,1.322197,6.3135533
2018-04-24,1.3229,6.3035,1.3161168,6.2805285,1.3188984,6.297753,1.3224193,6.313299
2018-04-25,1.3289999999999997,6.3236,1.3183652,6.2828355,1.321617,6.3029556,1.3226203,6.3130617
2018-04-26,1.3272,6.334,1.321355,6.286608,1.3249083,6.3112683,1.3229489,6.313635
2018-04-27,1.3244,6.3325,1.324305,6.291774,1.3264583,6.3210535,1.3232597,6.3141785
2018-04-30,1.3249,6.3325,1.326544,6.297597,1.3258935,6.3271537,1.3233491,6.314678
2018-05-01,1.3327000000000002,6.3325,1.3280429,6.3035765,1.3255976,6.3302746,1.3234539,6.3153706
2018-05-02,1.3353,6.361,1.3296655,6.3093305,1.3288964,6.331795,1.323651,6.3160915
2018-05-03,1.3329,6.352,1.331502,6.316068,1.3325043,6.342271,1.3238416,6.317514
2018-05-04,1.3335,6.358899999999999,1.3330504,6.322694,1.3333203,6.3480883,1.3238714,6.317965
2018-05-07,1.3351,6.364,1.3342866,6.3292513,1.3335104,6.352952,1.3239229,6.3188925
2018-05-08,1.3405,6.369000000000001,1.3353481,6.335672,1.3344718,6.357744,1.3240904,6.3194885
2018-05-09,1.3439999999999999,6.358500000000001,1.3367555,6.3419123,1.3374592,6.3626246,1.3243781,6.319967
2018-05-10,1.3394000000000001,6.344,1.3386458,6.3471565,1.3409163,6.3623614,1.3247942,6.3201933
2018-05-11,1.3354,6.3333,1.3401948,6.3506536,1.3409569,6.356231,1.325264,6.3201966
2018-05-14,1.3326,6.336,1.3408958,6.352138,1.3387145,6.3475294,1.3256875,6.320036
2018-05-15,1.343,6.376,1.3406286,6.3522134,1.3362372,6.342457,1.3260678,6.3199167
2018-05-16,1.3410999999999997,6.3706,1.3408204,6.353328,1.339224,6.3536077,1.3264586,6.3205495
2018-05-17,1.3423000000000003,6.3645,1.3411828,6.354907,1.3412042,6.362463,1.3267819,6.3210998
2018-05-18,1.3429,6.3768,1.3417664,6.356477,1.3420897,6.365132,1.3271518,6.3213696
2018-05-21,1.3426,6.3815,1.3425145,6.3586082,1.3427415,6.3695736,1.3274987,6.322051
2018-05-22,1.3378,6.366,1.343265,6.361287,1.343094,6.374632,1.327901,6.3231196
2018-05-23,1.3451,6.3875,1.3434262,6.3634305,1.3413526,6.3729167,1.3281482,6.323865
2018-05-24,1.3399,6.3757,1.3439059,6.3661695,1.3429478,6.3774953,1.3284844,6.3247843
2018-05-25,1.3409,6.3903,1.3440405,6.3685803,1.3426006,6.3781724,1.3287237,6.3250837
2018-05-28,1.3409,6.3903,1.3440126,6.3713756,1.3421111,6.3825035,1.3290484,6.3258266
2018-05-29,1.3468,6.4162,1.3438864,6.374297,1.3419892,6.3862424,1.3294029,6.326472
2018-05-30,1.3387,6.4175,1.3443327,6.378493,1.3443904,6.3970723,1.329893,6.328125
2018-05-31,1.3389,6.4096,1.3443072,6.3834705,1.3429407,6.406149,1.3302598,6.329606
2018-06-01,1.3379,6.418,1.3439493,6.3883576,1.3412167,6.408939,1.3306062,6.3307104
2018-06-04,1.3364,6.405,1.3433017,6.3933444,1.3401511,6.412205,1.3309809,6.3321075
2018-06-05,1.3358,6.4042,1.3423787,6.397457,1.3390818,6.4104424,1.3313645,6.3333106
2018-06-06,1.332,6.385,1.3413179,6.4006605,1.3381356,6.407998,1.3317914,6.334631
2018-06-07,1.3329,6.388999999999999,1.3399016,6.4020314,1.3360494,6.4001145,1.3321925,6.3357024
2018-06-08,1.3353,6.4031,1.3384969,6.402188,1.3349648,6.3951263,1.3325506,6.3367457
2018-06-11,1.3343999999999998,6.4,1.3375305,6.4021735,1.3355892,6.3973403,1.3328449,6.337869
2018-06-12,1.3343999999999998,6.3992,1.3369037,6.4018984,1.3357822,6.39929,1.3331255,6.338955
2018-06-13,1.3348000000000002,6.3944,1.3365791,6.4014354,1.3356247,6.3999867,1.3333918,6.339972
2018-06-14,1.3406,6.398,1.3365306,6.400632,1.3356652,6.3985167,1.3336799,6.3410997
2018-06-15,1.3496,6.4379,1.3372676,6.399817,1.3381134,6.3982844,1.3340656,6.3421235
2018-06-18,1.3522,6.4379,1.3394041,6.401092,1.343597,6.4116235,1.3346287,6.3441067
2018-06-19,1.3571,6.4802,1.3425359,6.403854,1.3481449,6.423295,1.3352884,6.3467093
2018-06-20,1.3573,6.4713,1.3464673,6.409758,1.3523076,6.4439497,1.3360492,6.349909
2018-06-21,1.3578,6.49,1.3504745,6.4172025,1.3548826,6.4566,1.336785,6.35271
2018-06-22,1.3592,6.5027,1.3540641,6.4263425,1.3564016,6.4690375,1.3374981,6.355942
2018-06-25,1.3631,6.536,1.3570554,6.4368668,1.357879,6.4815717,1.3382349,6.359626
2018-06-26,1.3622,6.5759,1.359684,6.449543,1.360454,6.5006523,1.3389817,6.36382
2018-06-27,1.3647,6.5992,1.361682,6.465173,1.3618363,6.527393,1.3397343,6.3685994
2018-06-28,1.3673,6.6235,1.363294,6.4833474,1.3633407,6.5540285,1.3404945,6.3735623
2018-06-29,1.3626,6.6171,1.3647676,6.503684,1.3654323,6.579211,1.3412077,6.378971
2018-07-02,1.3706,6.6632,1.3655275,6.524188,1.3649039,6.5941224,1.3418617,6.3842587
2018-07-03,1.3657,6.6368,1.3665692,6.5460896,1.3672727,6.6161695,1.3427114,6.390394
2018-07-04,1.3657,6.6368,1.367236,6.566481,1.3675268,6.625415,1.3435382,6.3963976
2018-07-05,1.3646,6.6341,1.3675826,6.584682,1.3670075,6.6291018,1.3443888,6.4026046
2018-07-06,1.3585,6.6396,1.36758,6.6001654,1.3663495,6.6302013,1.345144,6.4084253
2018-07-09,1.3566,6.6123,1.3667209,6.6131334,1.3635945,6.6324744,1.3458387,6.4145646
2018-07-10,1.3555,6.629600000000001,1.3651792,6.6222157,1.3608441,6.626462,1.346517,6.420164
2018-07-11,1.3605,6.6764,1.3632584,6.628894,1.3589915,6.6257343,1.3471962,6.4259963
2018-07-12,1.3617,6.663,1.3618582,6.635908,1.360047,6.640542,1.34795,6.4327946
2018-07-13,1.3665999999999998,6.6899999999999995,1.3611587,6.6422205,1.3615515,6.650041,1.3487113,6.439282
2018-07-16,1.3619,6.6866,1.36156,6.6491494,1.3641504,6.6628814,1.3494331,6.4459796
2018-07-17,1.3637000000000001,6.7018,1.362192,6.6560583,1.363944,6.6715865,1.3499482,6.452296
2018-07-18,1.3655,6.7161,1.3630545,6.6634088,1.3639334,6.6811485,1.3505099,6.459058
2018-07-19,1.3728,6.770100000000001,1.364137,6.6714525,1.3649942,6.6923075,1.3509935,6.465774
2018-07-20,1.3632,6.7659,1.3659898,6.68236,1.3687261,6.7159176,1.351861,6.473287
2018-07-23,1.3653,6.7927,1.3671466,6.694631,1.3674715,6.733859,1.3526529,6.4807367
2018-07-24,1.3640999999999999,6.7912,1.3678474,6.7086434,1.3663919,6.75246,1.353468,6.4886484
2018-07-25,1.3619999999999999,6.7658,1.3680185,6.7231226,1.3658457,6.7655067,1.354049,6.496522
2018-07-26,1.3632,6.7865,1.3675835,6.735874,1.3647826,6.7667327,1.3545357,6.503514
2018-07-27,1.361,6.809700000000001,1.3669161,6.747695,1.3644769,6.7711763,1.3550912,6.5109963
2018-07-30,1.3605,6.810200000000001,1.3659647,6.759373,1.3635951,6.7819834,1.3555983,6.518779
2018-07-31,1.3604,6.8038,1.3648947,6.7703867,1.3626832,6.7912602,1.3560638,6.5264926
2018-08-01,1.3619,6.8154,1.3638798,6.780039,1.3621504,6.795691,1.35642,6.534025
2018-08-02,1.3665999999999998,6.838,1.3631978,6.788789,1.3625013,6.8010745,1.3567333,6.5419064
2018-08-03,1.3646,6.830900000000001,1.3633361,6.7975883,1.3646982,6.811492,1.3572097,6.5503902
2018-08-06,1.3676,6.85,1.3638322,6.8056574,1.3654276,6.8181896,1.3577344,6.5589027
2018-08-07,1.3636,6.828,1.3648114,6.8137655,1.3665975,6.8272448,1.3583635,6.567699
2018-08-08,1.3638,6.8344,1.365576,6.8204083,1.3659335,6.828535,1.3587223,6.5755057
2018-08-09,1.3648,6.8199,1.3660849,6.825958,1.3652619,6.8295717,1.3591206,6.583495
2018-08-10,1.3721,6.8458,1.3664452,6.8296967,1.3654653,6.826718,1.3595116,6.5913167
2018-08-13,1.3768,6.888,1.3674254,6.833212,1.3686635,6.830903,1.3600024,6.599382
2018-08-14,1.3764,6.8809000000000005,1.3692392,6.8385396,1.372867,6.8467617,1.3605669,6.6080594
2018-08-15,1.3803999999999998,6.933,1.3713841,6.8446465,1.375057,6.858553,1.3612187,6.616841
2018-08-16,1.3743,6.8792,1.3739083,6.8536644,1.3774898,6.8793807,1.361786,6.626095
2018-08-17,1.3726,6.874,1.3757459,6.861712,1.3768002,6.8825073,1.3623656,6.6346807
2018-08-20,1.3711,6.8546,1.376676,6.8683267,1.3751651,6.879544,1.3629006,6.64294
2018-08-21,1.3674999999999997,6.8444,1.3767052,6.8725214,1.3737819,6.871704,1.3634132,6.6508713
2018-08-22,1.3665999999999998,6.84,1.3757464,6.874163,1.3716862,6.8627453,1.3637602,6.6582003
2018-08-23,1.3723,6.8748,1.3741484,6.8735967,1.3699193,6.8551297,1.364247,6.665428
2018-08-24,1.3651,6.803,1.3729403,6.873174,1.371257,6.8591332,1.3648154,6.673364
2018-08-27,1.3627,6.8145,1.3714551,6.869362,1.3696884,6.8454914,1.3652941,6.6799755
2018-08-28,1.3621,6.8018,1.3697103,6.863794,1.3669317,6.83437,1.3657645,6.686995
2018-08-29,1.3658000000000001,6.819,1.3679414,6.8565884,1.3651406,6.8239017,1.3662373,6.6938133
2018-08-30,1.3684,6.8415,1.3667668,6.849415,1.3658578,6.821067,1.3668456,6.7012444
2018-08-31,1.3722,6.830000000000001,1.3664368,6.8437943,1.3676531,6.826544,1.3674749,6.7089853
2018-09-03,1.3722,6.830000000000001,1.3671336,6.839093,1.3701358,6.8288054,1.3681115,6.7162976
2018-09-04,1.3761,6.8427,1.3684486,6.8353224,1.3716035,6.8293366,1.3687658,6.723654
2018-09-05,1.3763,6.827,1.3704082,6.8330545,1.3737808,6.8327336,1.369476,6.731224
2018-09-06,1.3752,6.8322,1.3725724,6.831218,1.3754059,6.831673,1.3701805,6.738616
2018-09-07,1.3781,6.8419,1.3744638,6.8300133,1.3757817,6.8312798,1.3707545,6.7460337
2018-09-10,1.3785,6.8545,1.3762108,6.829786,1.3770097,6.8338623,1.3712031,6.752933
2018-09-11,1.3774,6.870400000000001,1.3776846,6.8309026,1.3782016,6.8397183,1.3716114,6.760021
2018-09-12,1.3733000000000002,6.8574,1.3786762,6.83374,1.3783894,6.8487363,1.3719211,6.76663
2018-09-13,1.3713,6.840699999999999,1.378788,6.83705,1.3767041,6.8523636,1.372169,6.7731814
2018-09-14,1.3723,6.8673,1.3780725,6.8396697,1.3746872,6.849343,1.3723794,6.77915
2018-09-17,1.3711,6.854,1.3769988,6.8429294,1.3740323,6.8529806,1.3725816,6.785304
2018-09-18,1.3703000000000003,6.8591,1.3757219,6.8458242,1.3734416,6.8538256,1.3727036,6.790678
2018-09-19,1.3691000000000002,6.8466,1.3744072,6.8485456,1.3726221,6.8550663,1.3728279,6.7954383
2018-09-20,1.3670000000000002,6.8455,1.3731247,6.850373,1.3715929,6.852826,1.372895,6.799599
2018-09-21,1.365,6.8559,1.3718138,6.8513827,1.3701246,6.850197,1.3728905,6.8033214
2018-09-24,1.3644999999999998,6.8559,1.3704332,6.8522596,1.3683938,6.851089,1.372928,6.807308
2018-09-25,1.3656,6.8632,1.3691143,6.853015,1.3671584,6.8525224,1.3728355,6.8105006
2018-09-26,1.3648,6.8763,1.3681087,6.854032,1.3669701,6.855479,1.372834,6.814253
2018-09-27,1.3664,6.888,1.3673551,6.8558683,1.3666601,6.8613267,1.3728201,6.818199
2018-09-28,1.3667,6.868,1.3670202,6.858831,1.3669673,6.869168,1.3728478,6.822364
2018-10-01,1.3716,6.868,1.3670354,6.861498,1.3673825,6.869966,1.3729777,6.82613
2018-10-02,1.3728999999999998,6.868,1.3677859,6.863796,1.3695345,6.8690066,1.3732123,6.8303576
2018-10-03,1.3773,6.868,1.3690859,6.865688,1.3716259,6.868209,1.3734841,6.833706
2018-10-04,1.3806,6.868,1.3710504,6.8671746,1.3744262,6.8678226,1.3737363,6.836109
2018-10-05,1.3832,6.868,1.3735718,6.8682866,1.3775413,6.8676724,1.3740147,6.838684
2018-10-08,1.3832,6.868,1.3764313,6.86907,1.3804241,6.8676095,1.3742515,6.840902
2018-10-09,1.3833999999999997,6.9217,1.379162,6.8695784,1.3820862,6.8675733,1.3745617,6.843161
2018-10-10,1.3812999999999998,6.9224,1.3814749,6.8725476,1.3829889,6.881512,1.3748459,6.845819
2018-10-11,1.3784,6.888,1.3829907,6.877285,1.3827187,6.894681,1.3750739,6.8482957
2018-10-12,1.3779999999999997,6.9182,1.3834677,6.8813953,1.3813037,6.894822,1.3751532,6.8496923
2018-10-15,1.3752,6.9131,1.3831418,6.886301,1.3802345,6.899926,1.3753717,6.851324
2018-10-16,1.3733000000000002,6.9102,1.382044,6.8912845,1.3786749,6.9038963,1.3755183,6.8522425
2018-10-17,1.3748,6.9263,1.3803835,6.8959184,1.3768594,6.90584,1.3756564,6.8531513
2018-10-18,1.3797,6.9367,1.3787338,6.900848,1.3763657,6.9110284,1.3758487,6.8543887
2018-10-19,1.3768,6.9291,1.3778558,6.9062724,1.3782666,6.9182673,1.3760905,6.8555284
2018-10-22,1.3803999999999998,6.9446,1.3773621,6.911425,1.3785193,6.922024,1.376327,6.85642
2018-10-23,1.3786,6.9373,1.3775748,6.9168878,1.3795339,6.9279304,1.3766211,6.857419
2018-10-24,1.3803999999999998,6.942,1.3780671,6.921951,1.3797379,6.931029,1.3768921,6.858417
2018-10-25,1.3802,6.9477,1.3788601,6.926698,1.3803596,6.9339213,1.3771638,6.859357
2018-10-26,1.3803,6.9425,1.3797282,6.9312606,1.3808196,6.937583,1.3773594,6.860166
2018-10-29,1.3826,6.9605,1.380532,6.9352098,1.3810661,6.939217,1.3775872,6.8609915
2018-10-30,1.3841000000000003,6.9663,1.3814206,6.9394073,1.3821073,6.9445353,1.3778002,6.8618016
2018-10-31,1.3845,6.9737,1.3824162,6.9438915,1.383491,6.950766,1.3780941,6.8628187
2018-11-01,1.3765,6.9205,1.3834075,6.9487534,1.3844544,6.9573154,1.3783902,6.863839
2018-11-02,1.3740999999999999,6.8894,1.3834302,6.951025,1.3817573,6.9489627,1.3785623,6.864588
2018-11-05,1.3755,6.9249,1.3825012,6.9496746,1.378594,6.931808,1.3785912,6.864913
2018-11-06,1.3742,6.9172,1.3811771,6.9474173,1.3775823,6.926831,1.378573,6.865184
2018-11-07,1.3698,6.9174,1.3796333,6.944264,1.3768972,6.924216,1.3785417,6.865451
2018-11-08,1.3724000000000003,6.9318,1.3776863,6.9406557,1.374546,6.9224443,1.3783914,6.8653374
2018-11-09,1.3791999999999998,6.9553,1.3759762,6.937644,1.3738186,6.924704,1.3783642,6.865723
2018-11-12,1.3791999999999998,6.9553,1.3753787,6.9364333,1.3765446,6.9329886,1.3784572,6.866316
2018-11-13,1.3800000000000001,6.9546,1.3756566,6.936669,1.378599,6.940126,1.3785717,6.8670535
2018-11-14,1.3789,6.95,1.3765806,6.937941,1.3796357,6.944712,1.3787509,6.8678627
2018-11-15,1.3761,6.938,1.3776983,6.939672,1.3797078,6.9464216,1.3789287,6.868672
2018-11-16,1.3723,6.9367,1.3784807,6.9410257,1.3785996,6.9442244,1.3789829,6.8691344
2018-11-19,1.3714,6.9398,1.3784955,6.9419236,1.3763429,6.9416394,1.3790903,6.870128
2018-11-20,1.3734,6.9448,1.3778517,6.9425583,1.3745688,6.9406357,1.3792222,6.871056
2018-11-21,1.3727,6.9248,1.3770367,6.9432015,1.3745134,6.9415474,1.3793924,6.872116
2018-11-22,1.3727,6.9248,1.3761473,6.9428277,1.3744444,6.937554,1.3794948,6.872901
2018-11-23,1.3752,6.9477,1.3753277,6.9416986,1.3741975,6.9334855,1.3795581,6.873517
2018-11-26,1.3748,6.9397,1.3749303,6.941198,1.3750001,6.93638,1.3796009,6.874383
2018-11-27,1.3788,6.9498,1.3748466,6.940823,1.3755236,6.937977,1.3796383,6.8751917
2018-11-28,1.3773,6.9534,1.3754082,6.9410725,1.3772624,6.941157,1.3796756,6.8764787
2018-11-29,1.3712000000000002,6.9419,1.3761954,6.941965,1.3779489,6.944703,1.3796897,6.8785768
2018-11-30,1.3716,6.9558,1.3763796,6.942726,1.3756255,6.944472,1.3796322,6.8804803
2018-12-03,1.3665999999999998,6.8798,1.3761276,6.9440246,1.3739825,6.946983,1.37954,6.8822155
2018-12-04,1.3637000000000001,6.8343,1.3750719,6.941892,1.3714724,6.93046,1.379368,6.8825736
2018-12-05,1.3637000000000001,6.8343,1.3732705,6.934994,1.3685967,6.9024143,1.3791664,6.8820596
2018-12-06,1.3703000000000003,6.881599999999999,1.3711745,6.924834,1.3668951,6.8798413,1.3790227,6.8817296
2018-12-07,1.3701,6.8733,1.3698416,6.915098,1.3687453,6.8772817,1.379008,6.88231
2018-12-10,1.3737999999999997,6.9077,1.3692206,6.9058537,1.3702486,6.877238,1.3789759,6.882395
2018-12-11,1.3745000000000003,6.8968,1.3695618,6.899211,1.3721517,6.8857074,1.379015,6.8831487
2018-12-12,1.3718,6.8778,1.3706013,6.8943667,1.3736594,6.890415,1.3790759,6.883679
2018-12-13,1.3713,6.8798,1.3716893,6.890171,1.3733826,6.887735,1.3791156,6.884122
2018-12-14,1.3767,6.905,1.3725824,6.8867273,1.3727599,6.8847632,1.3791795,6.8846087
2018-12-17,1.3737999999999997,6.8962,1.3737704,6.8852267,1.374683,6.889334,1.3793513,6.8852983
2018-12-18,1.3716,6.8939,1.3747149,6.884795,1.3751743,6.8920584,1.3794895,6.885865
2018-12-19,1.3688,6.8918,1.3751248,6.8850307,1.3740629,6.8928185,1.3795791,6.8862967
2018-12-20,1.3702,6.8834,1.3748095,6.8856025,1.3721533,6.892424,1.3796399,6.886514
2018-12-21,1.3734,6.9048,1.3741752,6.885937,1.3716143,6.8898144,1.3796967,6.8864503
2018-12-24,1.3734,6.9048,1.373757,6.8871107,1.3729,6.893038,1.3797956,6.8869643
2018-12-25,1.3734,6.9048,1.3735728,6.888845,1.3738319,6.896704,1.3798217,6.8874793
2018-12-26,1.3707,6.8847,1.3735895,6.8909063,1.3741138,6.899296,1.3798288,6.887994
2018-12-27,1.3713,6.8649,1.373466,6.8920984,1.373127,6.8957443,1.3797345,6.888229
2018-12-28,1.3668,6.8755,1.3733144,6.8915744,1.3726317,6.886772,1.3796039,6.888185
2018-12-31,1.3623,6.8755,1.3726897,6.890304,1.3707781,6.88205,1.3793713,6.888291
2019-01-01,1.3623,6.8755,1.3713255,6.888555,1.3675886,6.8797393,1.3790693,6.888397
2019-01-02,1.3652,6.8597,1.3696026,6.886562,1.3655907,6.878436,1.3787643,6.887756
2019-01-03,1.3637000000000001,6.870799999999999,1.3681555,6.883728,1.3659085,6.8734245,1.3785325,6.886881
2019-01-04,1.3594,6.8663,1.3669413,6.880974,1.3657669,6.8717737,1.378317,6.8866396
2019-01-07,1.3557999999999997,6.850100000000001,1.3655856,6.878214,1.3636125,6.870184,1.3780386,6.885916
2019-01-08,1.3579,6.8519,1.3638985,6.8747993,1.3605694,6.8646784,1.3777403,6.885032
2019-01-09,1.3538,6.8117,1.362385,6.871153,1.359661,6.860249,1.3775035,6.8842134
2019-01-10,1.3515999999999997,6.7875,1.3607465,6.865522,1.3579546,6.846738,1.377177,6.882598
2019-01-11,1.3523999999999998,6.7596,1.3589665,6.8574667,1.3556768,6.8284354,1.3767442,6.880299
2019-01-14,1.3523999999999998,6.7596,1.357368,6.8466067,1.3546083,6.8068104,1.3763651,6.877291
2019-01-15,1.3564,6.7595,1.3560814,6.8341913,1.3542416,6.7905703,1.3759363,6.874934
2019-01-16,1.3541,6.7532,1.3555716,6.821261,1.3556143,6.7800226,1.3755995,6.873579
2019-01-17,1.3564,6.7735,1.3554177,6.8083224,1.355719,6.771603,1.3751993,6.872136
2019-01-18,1.3582000000000003,6.7765,1.355735,6.79707,1.3562849,6.7711964,1.3748405,6.8708196
2019-01-21,1.3582000000000003,6.7765,1.3565059,6.787827,1.3575547,6.773136,1.3745098,6.869564
2019-01-22,1.3595000000000002,6.8072,1.3574747,6.780559,1.3583903,6.7745905,1.3741479,6.8681784
2019-01-23,1.3593,6.7897,1.3585708,6.7766495,1.359257,6.7837,1.3737874,6.8670025
2019-01-24,1.3604,6.7835,1.3595817,6.7745457,1.359745,6.786969,1.3734179,6.8656306
2019-01-25,1.3535,6.7448,1.360509,6.773527,1.3604134,6.786108,1.3731753,6.864588
2019-01-28,1.353,6.7437,1.3605375,6.7713537,1.3581252,6.774126,1.3728521,6.86345
2019-01-29,1.3523,6.7304,1.3598627,6.7682867,1.3560307,6.7630396,1.3725002,6.8620405
2019-01-30,1.3514,6.7115,1.3587186,6.763987,1.3548628,6.7520366,1.3721547,6.8605742
2019-01-31,1.3455,6.6958,1.3573154,6.7580147,1.3539586,6.7389464,1.3718578,6.8589444
2019-02-01,1.35,6.7426,1.3553088,6.7503004,1.3509876,6.7246685,1.3714167,6.8570743
2019-02-04,1.3527,6.7426,1.3535984,6.7440286,1.3506274,6.727479,1.3709602,6.855428
2019-02-05,1.3521,6.7426,1.3526194,6.7392035,1.3521717,6.7330375,1.3705505,6.8537807
2019-02-06,1.3544999999999998,6.7426,1.3522255,6.735743,1.3528962,6.7368875,1.3701192,6.852136
2019-02-07,1.3562,6.7426,1.3525283,6.733488,1.3539208,6.7389393,1.3697443,6.8500643
2019-02-08,1.3562,6.7426,1.3534453,6.732239,1.355342,6.739989,1.3694372,6.847755
2019-02-11,1.3611,6.790699999999999,1.354656,6.731781,1.3562309,6.7405868,1.3691847,6.845458
2019-02-12,1.3567,6.7726,1.3564068,6.734338,1.3585931,6.754396,1.369026,6.843741
2019-02-13,1.3579,6.759800000000001,1.3578472,6.7380967,1.3585505,6.761964,1.3687657,6.841736
2019-02-14,1.3587,6.771099999999999,1.3589832,6.741888,1.3584343,6.762072,1.3685356,6.8397837
2019-02-15,1.3574000000000002,6.768,1.3598444,6.746034,1.3589365,6.763839,1.3683186,6.8379745
2019-02-18,1.3574000000000002,6.768,1.3602774,6.750046,1.3588467,6.7649336,1.3680439,6.8358717
2019-02-19,1.3538,6.756,1.3603656,6.7537355,1.358625,6.7656374,1.3677747,6.8338537
2019-02-20,1.3538,6.756,1.359843,6.7563844,1.3570889,6.7627907,1.3673884,6.8315673
2019-02-21,1.3536,6.7195,1.3589683,6.7581205,1.355963,6.7600465,1.3670226,6.8287096
2019-02-22,1.3509,6.7112,1.3579587,6.757261,1.3554287,6.7480826,1.3667417,6.825202
2019-02-25,1.3497,6.6844,1.3567191,6.7540984,1.3540887,6.7352543,1.3664074,6.821347
2019-02-26,1.348,6.698,1.3553551,6.7480583,1.3525975,6.7186484,1.3661273,6.8181577
2019-02-27,1.3491,6.6822,1.3539021,6.740893,1.3510816,6.7099695,1.3658619,6.8158913
2019-02-28,1.352,6.6912,1.3526818,6.732512,1.3506352,6.701089,1.3656162,6.8133535
2019-03-01,1.3548999999999998,6.7048,1.352082,6.7241535,1.3517207,6.697007,1.3653204,6.810245
2019-03-04,1.3546,6.7045,1.352297,6.7169685,1.3536731,6.698885,1.3650775,6.8074913
2019-03-05,1.3566,6.706,1.3530166,6.711049,1.3546846,6.701117,1.3647748,6.804212
2019-03-06,1.3574000000000002,6.709900000000001,1.3541824,6.7064695,1.3558221,6.702872,1.3644959,6.8011184
2019-03-07,1.3596,6.7132,1.3555772,6.703311,1.3569443,6.7049985,1.3642696,6.798375
2019-03-08,1.3586000000000003,6.7200999999999995,1.3571675,6.7015157,1.3584889,6.707495,1.364087,6.7956557
2019-03-11,1.3589,6.7215,1.3585795,6.7011437,1.3590871,6.711281,1.3638096,6.7926702
2019-03-12,1.3561000000000003,6.707,1.3597084,6.701886,1.3593572,6.714608,1.3635788,6.7898393
2019-03-13,1.3535,6.7064,1.3602046,6.7026486,1.3584465,6.7127028,1.3633335,6.7867923
2019-03-14,1.3557,6.7209,1.3599234,6.7033105,1.3567015,6.710092,1.3630856,6.7837644
2019-03-15,1.3527999999999998,6.7129,1.3593742,6.7045584,1.3565338,6.712429,1.3628544,6.781108
2019-03-18,1.3518,6.7121,1.3584353,6.705758,1.3556415,6.7129364,1.3625257,6.7779894
2019-03-19,1.3509,6.7106,1.3572525,6.70681,1.3544097,6.7125287,1.3621794,6.7748537
2019-03-20,1.3502,6.6916,1.3559709,6.707614,1.3533231,6.7116423,1.3618171,6.77169
2019-03-21,1.3494,6.6952,1.3547201,6.70723,1.352458,6.7055397,1.3614824,6.768501
2019-03-22,1.3521,6.7162,1.3535705,6.7061596,1.3516436,6.7011704,1.3611242,6.7656746
2019-03-25,1.3499,6.7079,1.3529167,6.7057,1.3522238,6.704645,1.3608819,6.7630434
2019-03-26,1.3512,6.7145,1.3524653,6.705326,1.3519151,6.7063594,1.3606719,6.7602677
2019-03-27,1.3564,6.7262,1.3523272,6.705388,1.3519434,6.7087812,1.3604846,6.757603
2019-03-28,1.3563,6.7381,1.3529572,6.7063746,1.3541974,6.7139387,1.3603413,6.7553806
2019-03-29,1.3544000000000003,6.7112,1.3540343,6.7086105,1.3558488,6.721498,1.36022,6.753189
2019-04-01,1.3547,6.7101999999999995,1.3550681,6.7103076,1.3557186,6.719641,1.3601359,6.7506027
2019-04-02,1.3565000000000003,6.7223,1.3559445,6.711448,1.3555099,6.7159534,1.3601171,6.748249
2019-04-03,1.3529,6.7097999999999995,1.3567761,6.712708,1.356299,6.7167196,1.3600935,6.7460737
2019-04-04,1.3547,6.7167,1.357096,6.71336,1.3555205,6.7148256,1.360078,6.744341
2019-04-05,1.3553000000000002,6.7182,1.357196,6.713874,1.3553989,6.714771,1.3601319,6.7431335
2019-04-08,1.3546,6.7158,1.3572077,6.7143407,1.3558484,6.7156043,1.3601819,6.7424245
2019-04-09,1.3533,6.7111,1.3570985,6.7146363,1.3558698,6.715651,1.3602202,6.741674
2019-04-10,1.3521,6.7153,1.3567928,6.714558,1.3552201,6.714135,1.360167,6.7408442
2019-04-11,1.3555,6.7188,1.3562695,6.714423,1.3542784,6.71394,1.3601321,6.740194
2019-04-12,1.353,6.7039,1.3560214,6.7144346,1.3551096,6.715136,1.3601168,6.739259
2019-04-15,1.3523999999999998,6.7072,1.3557554,6.7138124,1.3549429,6.712008,1.3600284,6.7380157
2019-04-16,1.3541,6.7112,1.3554436,6.7129154,1.3542343,6.7097564,1.3599293,6.736829
2019-04-17,1.353,6.687,1.3553144,6.7120624,1.3545005,6.7096233,1.3598384,6.7351933
2019-04-18,1.3559,6.7081,1.3552188,6.710073,1.3544508,6.703075,1.3597316,6.7334332
2019-04-19,1.3553000000000002,6.7032,1.3554555,6.7083993,1.355427,6.703031,1.3596565,6.732143
2019-04-22,1.3564,6.7112,1.3558378,6.706809,1.3559729,6.7031684,1.3596874,6.731427
2019-04-23,1.3575,6.7249,1.3563809,6.7057757,1.3565531,6.7054,1.3597459,6.730868
2019-04-24,1.3604,6.720699999999999,1.3570807,6.7059083,1.3573893,6.7112436,1.3598349,6.7307734
2019-04-25,1.3632999999999997,6.7418,1.3581043,6.7066965,1.3590951,6.714835,1.3599879,6.7309318
2019-04-26,1.3605,6.7282,1.3595366,6.7089925,1.3613976,6.722727,1.3602945,6.7317247
2019-04-29,1.3619,6.7332,1.3607874,6.7115974,1.3616575,6.7254148,1.3604738,6.7314777
2019-04-30,1.3613,6.7347,1.3618892,6.7145314,1.3619531,6.7275205,1.3606281,6.7313166
2019-05-01,1.3586000000000003,6.7319,1.362692,6.717612,1.3621249,6.7294874,1.3607832,6.7311807
2019-05-02,1.3626,6.7337,1.3629087,6.720485,1.3611377,6.7301593,1.3608525,6.730997
2019-05-03,1.3609,6.7337,1.3631136,6.7231355,1.3619653,6.730918,1.3609579,6.7308445
2019-05-06,1.3631,6.760199999999999,1.3631395,6.725477,1.3622218,6.7315483,1.3610358,6.7306914
2019-05-07,1.3636,6.7755,1.3632827,6.728809,1.3629601,6.7394414,1.3610679,6.730174
2019-05-08,1.3617,6.7818,1.3635665,6.733499,1.363738,6.7508373,1.3611809,6.730223
2019-05-09,1.3653,6.8256,1.3637284,6.7392974,1.3633995,6.761163,1.3612434,6.730597
2019-05-10,1.3623999999999998,6.8217,1.364165,6.747846,1.3644394,6.7801676,1.3613496,6.7315145
2019-05-13,1.3704,6.8765,1.3644521,6.7578163,1.364266,6.794445,1.3614315,6.7324195
2019-05-14,1.3682000000000003,6.8737,1.3654346,6.7711,1.367003,6.8182163,1.3616376,6.7342024
2019-05-15,1.3686,6.8742,1.3665786,6.7860208,1.3683922,6.836573,1.3618714,6.7361445
2019-05-16,1.3706,6.8832,1.367727,6.801395,1.368833,6.848617,1.3621113,6.738093
2019-05-17,1.3769,6.9182,1.3689442,6.8167315,1.3698708,6.858628,1.3623849,6.7408032
2019-05-20,1.3761,6.911099999999999,1.3707279,6.8329945,1.373223,6.8749976,1.3627971,6.7441854
2019-05-21,1.3775000000000002,6.9007,1.3726258,6.848757,1.3752552,6.8866034,1.3632194,6.74792
2019-05-22,1.3789,6.9054,1.374515,6.8628173,1.3765439,6.891332,1.3636918,6.7512584
2019-05-23,1.3791,6.9087,1.376319,6.8751316,1.3778874,6.8948207,1.3641638,6.754937
2019-05-24,1.3756,6.8997,1.3778741,6.8857045,1.3788811,6.89837,1.364587,6.7585073
2019-05-27,1.3756,6.8997,1.3787079,6.8940334,1.3780342,6.89889,1.3649107,6.761703
2019-05-28,1.3778,6.9078,1.3789444,6.900316,1.3772496,6.898746,1.3652391,6.764902
2019-05-29,1.3818,6.9138,1.3789942,6.9052167,1.3778734,6.9007573,1.3655651,6.7681932
2019-05-30,1.379,6.9011000000000005,1.3793696,6.909206,1.3800803,6.904311,1.3659326,6.7715044
2019-05-31,1.3753,6.9027,1.3796741,6.9117465,1.3804092,6.9039493,1.3662252,6.774565
2019-06-03,1.3686,6.9028,1.3795148,6.9132037,1.3786285,6.903229,1.366482,6.7775297
2019-06-04,1.369,6.9072,1.3783495,6.913825,1.3747396,6.902801,1.3666351,6.780469
2019-06-05,1.366,6.9084,1.3766634,6.9140453,1.3724432,6.903741,1.3668408,6.783719
2019-06-06,1.363,6.9082,1.3745291,6.9140472,1.3703926,6.905032,1.3670449,6.7869935
2019-06-07,1.3623999999999998,6.9057,1.3720431,6.9138966,1.3678313,6.905956,1.3671644,6.7900147
2019-06-10,1.3658000000000001,6.9298,1.369563,6.9135275,1.3659192,6.905898,1.367324,6.7931323
2019-06-11,1.3639,6.910699999999999,1.367757,6.914213,1.3662875,6.9118195,1.3675542,6.796619
2019-06-12,1.3648,6.9161,1.3664558,6.9147153,1.3660668,6.912584,1.3677707,6.7998433
2019-06-13,1.3667,6.921199999999999,1.3657405,6.9153075,1.3659273,6.913259,1.3680135,6.8034697
2019-06-14,1.3707,6.9247,1.3656974,6.9161735,1.3666662,6.9151855,1.3682998,6.8071065
2019-06-17,1.3703000000000003,6.9251,1.3665208,6.917363,1.3688494,6.9178133,1.368599,6.810435
2019-06-18,1.3674999999999997,6.9002,1.3677801,6.918745,1.3701487,6.919975,1.3689308,6.8139057
2019-06-19,1.3655,6.8996,1.3688512,6.9189487,1.3694941,6.915121,1.3691972,6.816892
2019-06-20,1.356,6.850999999999999,1.3694024,6.9182014,1.368062,6.909952,1.369344,6.8196683
2019-06-21,1.3565000000000003,6.8686,1.368495,6.9143543,1.3635077,6.8938546,1.369339,6.8215084
2019-06-24,1.3536999999999997,6.8758,1.366698,6.9092274,1.3605359,6.8843203,1.3693744,6.8240685
2019-06-25,1.3526,6.8791,1.3642235,6.9037747,1.3582616,6.880957,1.3693575,6.8267527
2019-06-26,1.3527,6.8781,1.3614829,6.898557,1.3564134,6.880441,1.3692911,6.829279
2019-06-27,1.3534,6.8762,1.3589259,6.893762,1.3553257,6.8800473,1.3692875,6.8315406
2019-06-28,1.3533,6.865,1.3569034,6.8894486,1.355026,6.879047,1.3692653,6.8335133
2019-07-01,1.3566,6.8487,1.3554984,6.885158,1.3548496,6.875183,1.3692312,6.835337
2019-07-02,1.3559,6.8717,1.355031,6.8802752,1.3559932,6.86748,1.369265,6.8370047
2019-07-03,1.3563,6.880599999999999,1.3551879,6.8763123,1.3566004,6.8671494,1.3693092,6.838993
2019-07-04,1.3563,6.880599999999999,1.3557644,6.8736787,1.3568822,6.870903,1.369381,6.8410244
2019-07-05,1.3608,6.8925,1.3565227,6.8721733,1.3570473,6.8742275,1.3693943,6.843009
2019-07-08,1.3598999999999999,6.880800000000001,1.3577489,6.8721642,1.3589708,6.879414,1.3695244,6.8453174
2019-07-09,1.3615,6.8866,1.3590412,6.8726726,1.360077,6.8805037,1.3696504,6.84745
2019-07-10,1.3569999999999998,6.870500000000001,1.3603611,6.8737946,1.3610435,6.881891,1.3697728,6.8495927
2019-07-11,1.3561000000000003,6.8682,1.3610541,6.8744845,1.359878,6.878936,1.3698406,6.8517184
2019-07-12,1.3593,6.8796,1.3611081,6.8746657,1.3584763,6.875316,1.369844,6.853017
2019-07-15,1.3563,6.8769,1.361048,6.8750033,1.3591232,6.875677,1.3699104,6.854441
2019-07-16,1.3583,6.8753,1.3606293,6.8753076,1.3586994,6.876136,1.3699087,6.855776
2019-07-17,1.3602999999999998,6.8731,1.3602315,6.8754945,1.3588346,6.8759365,1.3699219,6.8569813
2019-07-18,1.3605,6.8788,1.3601325,6.875478,1.3599176,6.875032,1.3699204,6.8582053
2019-07-19,1.3604,6.881199999999999,1.3602971,6.875598,1.3607501,6.8757186,1.3698757,6.8592925
2019-07-22,1.3606,6.880300000000001,1.3606228,6.875943,1.3610566,6.877202,1.3698739,6.860512
2019-07-23,1.3651,6.8787,1.3610419,6.8764052,1.3612523,6.8781652,1.3698533,6.8616805
2019-07-24,1.3636,6.8717,1.3619452,6.876855,1.3632135,6.878302,1.3699132,6.862824
2019-07-25,1.3665999999999998,6.8714,1.3629292,6.876925,1.3641071,6.8764215,1.3699936,6.8639374
2019-07-26,1.3698,6.8785,1.3641533,6.8766894,1.3654617,6.8745866,1.370056,6.865033
2019-07-29,1.37,6.8927,1.3657348,6.876592,1.367741,6.87519,1.370194,6.86618
2019-07-30,1.3711,6.8833,1.3673992,6.8773212,1.3693011,6.879843,1.3702999,6.8672104
2019-07-31,1.3686999999999998,6.8833,1.36903,6.8781776,1.3704492,6.8815517,1.3704143,6.868043
2019-08-01,1.3719999999999999,6.8972,1.3701875,6.8790865,1.3701899,6.8820176,1.370523,6.8688216
2019-08-02,1.3754000000000002,6.9387,1.3712178,6.880674,1.371162,6.8857718,1.3706241,6.869357
2019-08-05,1.3819,7.0481,1.3724159,6.8847656,1.373476,6.899941,1.3708197,6.870223
2019-08-06,1.381,7.0192,1.3742993,6.896024,1.3775504,6.939804,1.3709826,6.87144
2019-08-07,1.3831,7.0592,1.3763723,6.9106894,1.3797851,6.9664354,1.3711662,6.8724813
2019-08-08,1.3812999999999998,7.044,1.3785509,6.9291205,1.3814425,6.992195,1.371372,6.873778
2019-08-09,1.384,7.061300000000001,1.3803582,6.948601,1.381835,7.0077505,1.3715237,6.8749156
2019-08-12,1.3866,7.0578,1.3819734,6.9686484,1.3830065,7.0217195,1.3716208,6.8763123
2019-08-13,1.383,7.0423,1.3835561,6.98786,1.3850293,7.0316024,1.3717631,6.878529
2019-08-14,1.3896000000000002,7.0224,1.3845717,7.0046573,1.3848914,7.034867,1.3718383,6.8808556
2019-08-15,1.3885,7.0327,1.385778,7.0177917,1.3869464,7.031607,1.3719801,6.8824806
2019-08-16,1.3852,7.041300000000001,1.3869004,7.028049,1.3883729,7.030728,1.372105,6.884117
2019-08-19,1.3861,7.0499,1.3875005,7.0361295,1.3875859,7.033031,1.372236,6.8859873
2019-08-20,1.3850000000000002,7.0597,1.3877709,7.0426965,1.3871485,7.037498,1.372379,6.8879547
2019-08-21,1.3829000000000002,7.062299999999999,1.3876895,7.048389,1.3867674,7.043509,1.3724765,6.889916
2019-08-22,1.3857,7.0829,1.3871744,7.053368,1.3856894,7.0488644,1.3724911,6.8918204
2019-08-23,1.3868,7.0928,1.3867345,7.0586576,1.386014,7.057535,1.3725811,6.8937283
2019-08-26,1.3878,7.1503,1.3865491,7.0644765,1.3869615,7.0670815,1.3727374,6.895436
2019-08-27,1.389,7.1603,1.3866906,7.073284,1.3878764,7.087594,1.3730046,6.8975725
2019-08-28,1.3881,7.1628,1.3871796,7.08445,1.3888184,7.1074615,1.3732809,6.8997364
2019-08-29,1.3879999999999997,7.1434,1.3877585,7.0969596,1.3890384,7.122589,1.3735911,6.901904
2019-08-30,1.3879,7.1543,1.3883088,7.108867,1.3890082,7.1288533,1.3739465,6.9039307
2019-09-02,1.3879,7.1543,1.3887532,7.120207,1.3889929,7.1346283,1.3743103,6.906059
2019-09-03,1.3906,7.1786,1.3890641,7.1305275,1.3890198,7.1395006,1.3746207,6.907951
2019-09-04,1.3842,7.144,1.3895285,7.1407504,1.3901081,7.1486845,1.3749942,6.910199
2019-09-05,1.3841000000000003,7.1468,1.3893772,7.1487284,1.3884199,7.1491,1.3752716,6.9121437
2019-09-06,1.3797,7.1131,1.3887888,7.1547565,1.3867569,7.148214,1.3755183,6.9140573
2019-09-09,1.3788,7.121000000000001,1.3875113,7.1574078,1.3843313,7.1401696,1.375646,6.9156857
2019-09-10,1.379,7.112099999999999,1.3858157,7.1577935,1.3823856,7.1345057,1.3757672,6.9173675
2019-09-11,1.3798,7.1153,1.384072,7.1560864,1.3814557,7.1289954,1.375933,6.9192233
2019-09-12,1.3740999999999999,7.0787,1.38261,7.153107,1.3813275,7.125497,1.3761402,6.921107
2019-09-13,1.3727,7.0754,1.3809358,7.147614,1.3790071,7.1149106,1.37642,6.9231925
2019-09-16,1.3753,7.0659,1.3791528,7.1403627,1.3765724,7.104453,1.376671,6.925075
2019-09-17,1.3745000000000003,7.0905,1.3777745,7.131724,1.3763602,7.0945053,1.3770062,6.92681
2019-09-18,1.3735,7.0849,1.3767624,7.123691,1.3763199,7.092644,1.3773483,6.928701
2019-09-19,1.3787000000000003,7.0959,1.376006,7.1162944,1.3756732,7.0914783,1.3776743,6.9305573
2019-09-20,1.3763,7.090900000000001,1.3760422,7.1102915,1.3772085,7.0928297,1.378061,6.932874
2019-09-23,1.3777,7.1168,1.3763646,7.1053944,1.3776215,7.093034,1.3784161,6.935861
2019-09-24,1.3764,7.1138,1.3769562,7.1028004,1.3779895,7.098694,1.3787351,6.939386
2019-09-25,1.3788,7.1312999999999995,1.3775,7.1019044,1.3778058,7.103398,1.3790475,6.9425564
2019-09-26,1.3816,7.13,1.3781668,7.103131,1.3785651,7.110532,1.3793863,6.9458065
2019-09-27,1.3812,7.1217999999999995,1.3791227,7.105784,1.3803608,7.1161494,1.3797628,6.9490376
2019-09-30,1.383,7.1477,1.3801181,7.1089144,1.381358,7.1182218,1.3800606,6.9520025
2019-10-01,1.3851,7.1473,1.3811994,7.1134415,1.3824131,7.124989,1.3803967,6.955424
2019-10-02,1.3844,7.1473,1.3824301,7.118746,1.3839784,7.1311984,1.3807346,6.9587536
2019-10-03,1.3800000000000001,7.1473,1.3835462,7.124336,1.3847342,7.1357374,1.3811356,6.9622993
2019-10-04,1.3785,7.1473,1.3839813,7.129832,1.3832562,7.13891,1.3814926,6.9658694
2019-10-07,1.3808000000000002,7.1473,1.3837237,7.1349645,1.3814775,7.141188,1.3817772,6.969275
2019-10-08,1.3824,7.142199999999999,1.3832688,7.1395617,1.3815237,7.142887,1.3821414,6.9727106
2019-10-09,1.3807,7.131600000000001,1.3829333,7.1432853,1.3825439,7.143047,1.3824939,6.976104
2019-10-10,1.3755,7.1153,1.3825723,7.145664,1.3824438,7.1405826,1.3827915,6.9793987
2019-10-11,1.3714,7.0868,1.381702,7.1461353,1.3800071,7.1346264,1.3830147,6.983506
2019-10-14,1.3714,7.0868,1.3801469,7.143783,1.3766301,7.123076,1.3831812,6.987294
2019-10-15,1.3709,7.0813999999999995,1.3783032,7.1394367,1.3747041,7.113231,1.3833445,6.9910994
2019-10-16,1.3704,7.0920000000000005,1.3764459,7.1335897,1.3737129,7.105042,1.3834308,6.9948406
2019-10-17,1.3648,7.0766,1.3747648,7.12747,1.372912,7.1014643,1.3835328,6.9989023
2019-10-18,1.3644999999999998,7.0805,1.3728273,7.1207647,1.3701144,7.09599,1.3835055,7.0027013
2019-10-21,1.3611,7.0748,1.3708942,7.1141653,1.3679353,7.0920253,1.3834262,7.0064287
2019-10-22,1.3622,7.0761,1.3688338,7.1077204,1.3655999,7.087943,1.3832911,7.0097804
2019-10-23,1.3632,7.0624,1.3670293,7.1017795,1.3645481,7.084992,1.3831571,7.013336
2019-10-24,1.3638,7.0684,1.3657176,7.095843,1.3645471,7.079746,1.383074,7.0166497
2019-10-25,1.363,7.0647,1.3649572,7.090468,1.3648169,7.0765724,1.3829519,7.019799
2019-10-28,1.3619,7.067,1.3645654,7.0855846,1.3645761,7.073752,1.3827692,7.0220933
2019-10-29,1.3621,7.0655,1.3643275,7.081398,1.3638659,7.072105,1.3824809,7.02243
2019-10-30,1.3623,7.0541,1.3642094,7.077849,1.3634957,7.070666,1.3822074,7.0232553
2019-10-31,1.3608,7.0379,1.3641806,7.0743685,1.363469,7.066872,1.3819091,7.0231647
2019-11-01,1.3567,7.0368,1.3640362,7.0702844,1.3628769,7.059673,1.3816109,7.0230546
2019-11-04,1.3575,7.03,1.3633745,7.065852,1.360744,7.0533094,1.3812106,7.022615
2019-11-05,1.3592,7.0082,1.3624907,7.061024,1.3595818,7.0471797,1.38079,7.0221186
2019-11-06,1.36,6.9968,1.3617373,7.0550613,1.3599094,7.037385,1.3804427,7.0215087
2019-11-07,1.3579,6.9766,1.3612586,7.0479617,1.3605798,7.026422,1.3800249,7.0210466
2019-11-08,1.3590999999999998,6.9954,1.3608122,7.0393634,1.3600233,7.01311,1.3795857,7.0200286
2019-11-11,1.3590999999999998,6.9954,1.3605562,7.0309725,1.3599095,7.00712,1.3792073,7.0192046
2019-11-12,1.3617,7.0066,1.3604612,7.0231853,1.3600532,7.004133,1.378817,7.018226
2019-11-13,1.3626,7.0223,1.3607541,7.016807,1.3611829,7.0048437,1.3784821,7.017277
2019-11-14,1.3622,7.0195,1.361375,7.012589,1.3623567,7.0096216,1.3781891,7.0165625
2019-11-15,1.3602,7.0075,1.3620976,7.0100718,1.3627936,7.0130963,1.377853,7.0154357
2019-11-18,1.3596,7.0246,1.3625783,7.0083404,1.3621188,7.012317,1.3774706,7.0139217
2019-11-19,1.361,7.0263,1.3627512,7.0080714,1.3613681,7.0149574,1.3770652,7.011743
2019-11-20,1.3615,7.0344,1.3628299,7.008967,1.3615977,7.0182114,1.3766669,7.00943
2019-11-21,1.3625,7.0285,1.3628945,7.0110545,1.3621192,7.0226345,1.3762875,7.007217
2019-11-22,1.3644,7.0389,1.3630555,7.0136123,1.3627708,7.024746,1.375925,7.005217
2019-11-25,1.3653999999999997,7.0349,1.3634735,7.016869,1.3639029,7.0283017,1.3755934,7.003223
2019-11-26,1.3644999999999998,7.0319,1.3641356,7.0202713,1.365046,7.030416,1.3752774,7.001156
2019-11-27,1.3652,7.028,1.3647968,7.0234447,1.3653197,7.030996,1.3749132,6.9986377
2019-11-28,1.3652,7.028,1.365445,7.0260825,1.365612,7.0302663,1.3746417,6.9966135
2019-11-29,1.3674,7.030800000000001,1.3660063,7.0281816,1.3658905,7.029549,1.3743714,6.9945426
2019-12-02,1.3656,7.038,1.3666711,7.029919,1.3669385,7.029766,1.374194,6.993088
2019-12-03,1.3644,7.060900000000001,1.3671489,7.031671,1.3669832,7.031857,1.3740015,6.9916286
2019-12-04,1.3629,7.0489,1.3673109,7.0344996,1.3662723,7.039197,1.3737875,6.990734
2019-12-05,1.3609,7.0445,1.3670783,7.037444,1.365227,7.0428696,1.3735391,6.9895697
2019-12-06,1.3606,7.0348,1.3663954,7.0401206,1.3638355,7.0436487,1.3733386,6.9889593
2019-12-09,1.3596,7.0389,1.3654586,7.041982,1.3628645,7.041469,1.3731536,6.98823
2019-12-10,1.3583,7.0328,1.3643707,7.043337,1.361994,7.0403676,1.3729148,6.987745
2019-12-11,1.3584,7.0384,1.3631861,7.043955,1.3609219,7.0384912,1.3726664,6.986715
2019-12-12,1.3557,6.9925,1.3620969,7.0442753,1.3602686,7.038251,1.3724337,6.985884
2019-12-13,1.3548999999999998,6.9925,1.3609307,7.042125,1.3588881,7.0275154,1.3720827,6.98403
2019-12-16,1.3548999999999998,6.9921,1.3597608,7.038212,1.3575686,7.0171666,1.3717515,6.982261
2019-12-17,1.3546,6.9967,1.3587246,7.033164,1.3568674,7.009728,1.3714007,6.980619
2019-12-18,1.3552,7.0029,1.3578697,7.027774,1.3564293,7.0058923,1.3710629,6.9791946
2019-12-19,1.3546,7.0097,1.3572973,7.022739,1.3563814,7.005083,1.3707014,6.977649
2019-12-20,1.355,7.0063,1.3569168,7.0185905,1.3561434,7.006491,1.3702915,6.9762034
2019-12-23,1.3562,7.0124,1.356739,7.015168,1.3560815,7.006959,1.3698936,6.974808
2019-12-24,1.355,7.0064,1.356833,7.0127583,1.3565743,7.0084195,1.3694912,6.9731913
2019-12-25,1.355,7.0064,1.3569648,7.010923,1.3564634,7.0082555,1.3690406,6.9715023
2019-12-26,1.3540000000000003,6.9949,1.3570852,7.0095825,1.3562303,7.0077586,1.3685992,6.969811
2019-12-27,1.352,6.9954,1.357063,7.0080857,1.3557329,7.0045924,1.3681998,6.9679646
2019-12-30,1.3483,6.9864,1.3567216,7.0065346,1.3546053,7.001818,1.3677864,6.966122
2019-12-31,1.3446,6.9618,1.3558002,7.0045524,1.3523686,6.9977403,1.3672757,6.9641604
